entry_time,direction,entry,stop,target,exit_price,exit_time,outcome,r_multiple,pnl,confidence,zone_type
2020-10-08 13:55:00,short,1896.008,1898.8096,1890.088,1890.088,2020-10-08 14:00:00,win,2.1130782410051605,105.653912050258,1,CISD
2020-10-09 12:00:00,short,1914.665,1914.794907142857,1914.158,1914.794907142857,2020-10-09 12:05:00,loss,-1.0,-52.70943847707797,5,CISD+BKR
2020-10-16 09:30:00,short,1908.055,1909.1140500000001,1904.788,1909.1140500000001,2020-10-16 10:25:00,loss,-1.0,-50.26472236786591,1,CISD
2020-10-16 12:55:00,short,1907.105,1907.31005,1905.758,1907.31005,2020-10-16 13:00:00,loss,-1.0,-50.01339875602658,4,CISD+IFVG
2020-10-19 13:45:00,short,1909.765,1909.965792857143,1908.965,1908.965,2020-10-19 13:50:00,win,3.9842054711676336,194.87769503193977,5,CISD+BKR
2020-10-20 12:00:00,short,1902.668,1904.2812642857143,1896.878,1904.2812642857143,2020-10-20 12:35:00,loss,-1.0,-54.00677889718762,5,CISD+BKR
2020-10-27 07:10:00,short,1906.258,1906.8653357142857,1904.495,1904.495,2020-10-27 07:25:00,win,2.9028426264602265,146.49975117505343,1,CISD
2020-11-03 14:45:00,short,1903.035,1904.3087357142856,1899.608,1904.3087357142856,2020-11-03 15:00:00,loss,-1.0,-51.20018509879548,1,CISD
2020-11-04 14:35:00,short,1902.768,1907.277957142857,1887.408,1907.277957142857,2020-11-04 15:25:00,loss,-1.0,-50.944184173301494,1,CISD
2020-11-06 08:55:00,short,1945.465,1946.8542214285712,1941.995,1946.8542214285712,2020-11-06 09:25:00,loss,-1.0,-50.689463252435,1,CISD
2020-11-06 14:30:00,short,1948.988,1954.9164071428572,1935.468,1954.9164071428572,2020-11-06 19:10:00,loss,-1.0,-50.436015936172815,5,CISD+BKR
2020-11-10 07:35:00,short,1884.548,1884.8831,1883.745,1884.8831,2020-11-10 07:40:00,loss,-1.0,-51.37805839668869,5,CISD+BKR
2020-11-10 13:10:00,short,1877.158,1877.944407142857,1875.265,1877.944407142857,2020-11-10 13:15:00,loss,-1.0,-49.92694556450851,1,CISD
2020-11-12 08:20:00,short,1865.408,1866.5966857142857,1862.588,1866.5966857142857,2020-11-12 08:40:00,loss,-1.0,-48.86868335785347,1,CISD
2020-11-19 13:30:00,short,1858.428,1858.7276,1857.45,1857.45,2020-11-19 13:35:00,win,3.2643524699620436,155.59670561970108,1,CISD
2020-11-23 08:30:00,short,1872.488,1873.1483714285714,1870.385,1870.385,2020-11-23 08:35:00,win,3.1845714532951503,159.90036103178858,1,CISD
2020-12-02 13:45:00,short,1814.718,1817.1930642857142,1807.405,1817.1930642857142,2020-12-02 14:00:00,loss,-1.0,-51.01045275315414,1,CISD
2020-12-03 13:10:00,short,1838.648,1838.6171214285714,1837.725,1838.6171214285714,2020-12-03 13:15:00,loss,1.0,54.57125608499816,5,CISD+BKR
2020-12-04 07:55:00,short,1840.028,1840.4795428571429,1838.865,1838.865,2020-12-04 08:00:00,win,2.575613768666282,131.4290807273697,2,CISD+zone
2020-12-10 08:45:00,short,1834.738,1835.7693,1825.363,1835.7693,2020-12-10 10:50:00,loss,-1.0,-51.685402173450214,1,CISD
2020-12-10 12:00:00,short,1834.078,1834.853257142857,1831.195,1834.853257142857,2020-12-10 12:10:00,loss,-1.0,-51.426975162582956,1,CISD
2020-12-11 07:25:00,short,1833.745,1834.5387071428572,1828.528,1834.5387071428572,2020-12-11 08:00:00,loss,-1.0,-51.16984028677004,1,CISD
2020-12-14 08:15:00,short,1830.338,1832.7800857142856,1823.843,1823.843,2020-12-14 10:25:00,win,2.6596118072373796,135.4114518441388,1,CISD
2020-12-16 13:30:00,short,1854.468,1854.4535214285715,1850.848,1854.4535214285715,2020-12-16 13:40:00,loss,1.0,51.59104834455689,3,CISD+FVG
2020-12-22 14:45:00,short,1873.865,1874.8509999999999,1870.958,1874.8509999999999,2020-12-22 14:50:00,loss,-1.0,-51.84900358627967,2,CISD+zone
2021-01-07 07:40:00,short,1921.485,1922.6992571428573,1918.898,1918.898,2021-01-07 08:00:00,win,2.130520718134124,109.91304947340343,1,CISD
2021-01-08 13:25:00,short,1885.818,1885.6799357142856,1885.426,1885.426,2021-01-08 13:30:00,win,2.839257074860961,148.0369440222362,2,CISD+zone
2021-01-12 13:15:00,short,1856.588,1859.1813857142856,1841.162,1841.162,2021-01-12 14:05:00,win,5.948208905071793,314.5383635686229,1,CISD
2021-01-18 09:45:00,short,1830.925,1831.3078785714285,1829.838,1831.3078785714285,2021-01-18 09:55:00,loss,-1.0,-54.45220035366959,1,CISD
2021-01-18 14:55:00,short,1834.478,1834.8027857142856,1833.328,1833.328,2021-01-18 15:00:00,win,3.540796129318063,191.84011954389933,2,CISD+zone
2021-01-20 09:50:00,short,1854.864,1855.1640357142855,1853.778,1853.778,2021-01-20 10:05:00,win,3.6195690989192584,284.25762061930027,5,CISD+BKR
2021-01-26 09:30:00,short,1852.835,1853.4764857142857,1850.162,1853.4764857142857,2021-01-26 09:50:00,loss,-1.0,-56.56042805271724,1,CISD
2021-02-01 07:55:00,short,1861.615,1863.2543071428572,1856.985,1863.2543071428572,2021-02-01 08:05:00,loss,-1.0,-85.05456596762045,5,CISD+BKR
2021-02-02 07:10:00,short,1853.045,1854.7620214285714,1848.892,1848.892,2021-02-02 07:25:00,win,2.4187234538217424,135.09139635205534,1,CISD
2021-02-02 13:00:00,short,1842.23,1843.4255428571428,1839.015,1843.4255428571428,2021-02-02 13:10:00,loss,-1.0,-56.527810064375835,1,CISD
2021-02-03 09:00:00,short,1834.075,1834.4729071428571,1829.317,1834.4729071428571,2021-02-03 09:10:00,loss,-1.0,-56.24517101405396,1,CISD
2021-02-04 09:00:00,short,1819.848,1821.0892571428572,1815.838,1815.838,2021-02-04 09:05:00,win,3.2305957094188824,180.79688111276636,1,CISD
2021-02-08 09:00:00,short,1811.115,1811.2834142857143,1810.575,1810.575,2021-02-08 09:05:00,win,3.206378827719617,182.34012533201562,2,CISD+zone
2021-02-09 14:45:00,short,1839.932,1840.2154071428572,1838.938,1840.2154071428572,2021-02-09 14:50:00,loss,-1.0,-93.73857091257497,4,CISD+IFVG
2021-02-10 08:10:00,short,1843.075,1843.1940071428571,1842.215,1843.1940071428571,2021-02-10 08:15:00,loss,-1.0,-91.1370972893085,4,CISD+IFVG
2021-02-10 09:30:00,short,1843.165,1843.6912571428572,1842.085,1842.085,2021-02-10 09:35:00,win,2.052228676909057,116.67997827986342,4,CISD+IFVG
2021-02-10 12:45:00,short,1838.946,1840.6510285714287,1833.915,1840.6510285714287,2021-02-10 13:00:00,loss,-1.0,-57.43865174159749,1,CISD
2021-02-12 12:05:00,short,1817.205,1818.0527714285713,1815.315,1818.0527714285713,2021-02-12 13:00:00,loss,-1.0,-57.1514584828895,2,CISD+zone
2021-02-17 07:30:00,short,1788.875,1789.1263642857143,1786.604,1789.1263642857143,2021-02-17 07:40:00,loss,-1.0,-56.86570119047506,1,CISD
2021-02-17 08:10:00,short,1787.205,1787.0881785714284,1786.604,1786.604,2021-02-17 08:15:00,win,5.144604096603124,291.0887617042235,2,CISD+zone
2021-02-19 07:30:00,short,1769.925,1771.4090857142855,1765.866,1771.4090857142855,2021-02-19 07:40:00,loss,-1.0,-95.5928236625868,5,CISD+BKR
2021-02-19 12:00:00,short,1769.605,1769.73415,1769.335,1769.73415,2021-02-19 12:05:00,loss,-1.0,-57.55885237473087,3,CISD+FVG
2021-02-24 07:30:00,short,1806.525,1807.73285,1795.425,1807.73285,2021-02-24 08:00:00,loss,-1.0,-57.27105811285722,1,CISD
2021-02-25 13:35:00,short,1782.765,1784.0052285714285,1779.149,1784.0052285714285,2021-02-25 13:45:00,loss,-1.0,-56.98470282229293,1,CISD
2021-02-26 14:40:00,short,1757.205,1758.374792857143,1754.282,1754.282,2021-02-26 14:45:00,win,2.498732986914425,141.677608908121,1,CISD
2021-03-04 13:30:00,short,1716.614,1717.339107142857,1714.874,1714.874,2021-03-04 13:35:00,win,2.3996453726053826,221.19352688023105,4,CISD+IFVG
2021-03-08 14:50:00,short,1688.275,1689.80595,1684.695,1689.80595,2021-03-08 15:20:00,loss,-1.0,-58.51413498712323,1,CISD
2021-03-11 13:35:00,short,1730.578,1731.2696785714286,1723.134,1731.2696785714286,2021-03-11 13:55:00,loss,-1.0,-58.221564312187624,1,CISD
2021-03-12 07:00:00,short,1711.468,1712.2268642857143,1709.584,1709.584,2021-03-12 07:10:00,win,2.4826573545054487,143.82147385631222,1,CISD
2021-03-15 14:25:00,short,1729.865,1730.472892857143,1728.354,1728.354,2021-03-15 14:30:00,win,2.4856353915743017,247.13452266466456,5,CISD+BKR
2021-03-22 09:15:00,short,1729.075,1729.2195285714286,1728.638,1729.2195285714286,2021-03-22 09:20:00,loss,-1.0,-59.88523647323158,2,CISD+zone
2021-03-23 13:05:00,short,1737.508,1737.4919,1736.125,1736.125,2021-03-23 13:10:00,win,85.90062111774111,5118.458113789229,3,CISD+FVG
2021-03-25 14:30:00,short,1736.148,1738.0139357142857,1731.838,1731.838,2021-03-25 15:40:00,win,2.3098330596290855,196.74719332241338,1,CISD
2021-03-29 12:05:00,short,1724.805,1725.5764571428572,1721.498,1725.5764571428572,2021-03-29 12:20:00,loss,-1.0,-86.16183682642364,2,CISD+zone
2021-03-31 08:10:00,short,1683.775,1684.2355071428572,1682.528,1684.2355071428572,2021-03-31 08:15:00,loss,-1.0,-85.73102764229152,3,CISD+FVG
2021-03-31 12:05:00,short,1684.198,1684.668292857143,1683.165,1684.668292857143,2021-03-31 12:10:00,loss,-1.0,-85.30237250408007,1,CISD
2021-04-07 08:20:00,short,1737.095,1737.29185,1736.395,1737.29185,2021-04-07 08:25:00,loss,-1.0,-84.87586064155967,1,CISD
2021-04-08 08:15:00,short,1744.188,1744.3516071428571,1743.645,1744.3516071428571,2021-04-08 08:20:00,loss,-1.0,-168.9029626767037,5,CISD+BKR
2021-04-14 09:25:00,short,1743.728,1743.7746428571427,1740.705,1743.7746428571427,2021-04-14 10:00:00,loss,-1.0,-83.60696652496834,2,CISD+zone
2021-04-22 08:15:00,short,1790.375,1791.5930857142857,1776.418,1791.5930857142857,2021-04-22 08:30:00,loss,-1.0,-83.1889316923435,1,CISD
2021-04-30 07:45:00,short,1769.608,1769.6147071428572,1769.268,1769.268,2021-04-30 07:50:00,win,50.692225770939984,4195.946946456624,2,CISD+zone
2021-04-30 09:15:00,short,1768.445,1769.3305071428572,1765.278,1769.3305071428572,2021-04-30 10:30:00,loss,-1.0,-103.75272176616491,2,CISD+zone
2021-05-03 07:55:00,short,1776.148,1777.0257714285715,1774.145,1777.0257714285715,2021-05-03 09:15:00,loss,-1.0,-103.23395815733407,1,CISD
2021-05-18 13:15:00,short,1868.258,1868.4875714285715,1867.615,1868.4875714285715,2021-05-18 13:20:00,loss,-1.0,-205.43557673309482,5,CISD+BKR
2021-05-20 12:15:00,short,1869.308,1870.379342857143,1866.298,1870.379342857143,2021-05-20 12:30:00,loss,-1.0,-101.69061048288194,1,CISD
2021-05-24 13:45:00,long,1881.698,1879.568407142857,1886.758,1879.568407142857,2021-05-24 14:00:00,loss,-1.0,-202.36431486093505,5,CISD+BKR
2021-05-26 13:55:00,short,1900.898,1902.3802285714285,1896.848,1902.3802285714285,2021-05-26 14:00:00,loss,-1.0,-100.17033585616288,1,CISD
2021-06-04 08:05:00,short,1871.158,1871.2266642857142,1870.748,1870.748,2021-06-04 08:10:00,win,5.97108082804645,1190.2690922197187,5,CISD+BKR
2021-06-10 07:00:00,short,1884.498,1884.9831928571427,1883.038,1883.038,2021-06-10 07:10:00,win,3.009112723954753,317.82498237830475,1,CISD
2021-06-14 12:20:00,short,1851.808,1851.717,1851.548,1851.548,2021-06-14 12:25:00,win,2.8571428571460697,306.314155857122,2,CISD+zone
2021-06-22 07:05:00,short,1781.038,1781.8419571428572,1779.208,1779.208,2021-06-22 07:10:00,win,2.2762407377791067,247.5218898424675,1,CISD
2021-06-25 14:45:00,short,1784.798,1785.3341214285713,1783.518,1783.518,2021-06-25 14:50:00,win,2.387518819031491,262.57725398415937,1,CISD
2021-06-29 07:40:00,short,1773.608,1774.5929642857143,1770.518,1770.518,2021-06-29 08:00:00,win,3.1371695855539676,349.1419435475302,1,CISD
2021-06-30 07:55:00,short,1756.008,1757.533257142857,1750.488,1757.533257142857,2021-06-30 09:10:00,loss,-1.0,-113.03773076602855,1,CISD
2021-06-30 12:25:00,short,1756.618,1758.292907142857,1750.488,1758.292907142857,2021-06-30 12:35:00,loss,-1.0,-112.47254211219843,2,CISD+zone
2021-07-08 13:30:00,short,1812.318,1813.9108071428573,1806.508,1806.508,2021-07-08 14:05:00,win,3.6476481324522347,408.20895689677735,1,CISD
2021-07-08 14:55:00,short,1802.988,1804.8815642857141,1796.128,1796.128,2021-07-08 15:15:00,win,3.6227975209265826,412.8222124880295,1,CISD
2021-07-14 14:05:00,short,1823.096,1825.4179357142857,1816.348,1825.4179357142857,2021-07-14 18:40:00,loss,-1.0,-116.01533524856146,2,CISD
2021-07-16 14:50:00,short,1813.718,1814.2125785714284,1811.788,1811.788,2021-07-16 15:05:00,win,3.9023122138640627,450.46441943731537,2,CISD
2021-07-19 09:10:00,short,1802.355,1802.5717357142858,1801.745,1802.5717357142858,2021-07-19 09:15:00,loss,-1.0,-117.68758066950524,1,CISD
2021-07-20 07:55:00,short,1814.268,1814.5173714285713,1813.448,1813.448,2021-07-20 08:00:00,win,3.2882676443644887,385.05332234077434,1,CISD
2021-07-22 07:50:00,short,1800.748,1801.4218857142857,1797.975,1797.975,2021-07-22 08:05:00,win,4.114941066734865,489.7784300928249,1,CISD
2021-07-23 14:40:00,short,1795.948,1797.3113357142856,1792.788,1797.3113357142856,2021-07-23 14:45:00,loss,-1.0,-242.94660305665138,5,CISD+BKR
2021-07-26 12:05:00,short,1806.958,1807.6537357142859,1798.278,1798.278,2021-07-26 14:05:00,win,12.476001765858378,1500.3461131283182,1,CISD
2021-07-28 13:45:00,short,1797.305,1797.3090142857143,1797.008,1797.008,2021-07-28 13:50:00,win,73.98576512577223,9452.443480033931,1,CISD
2021-07-29 07:55:00,short,1816.198,1816.9221785714285,1808.498,1816.9221785714285,2021-07-29 08:05:00,loss,-1.0,-350.0450329577074,5,CISD+BKR
2021-07-30 08:20:00,short,1828.248,1829.1477857142856,1825.748,1829.1477857142856,2021-07-30 08:30:00,loss,-1.0,-346.5445826281303,4,CISD+IFVG
2021-07-30 14:25:00,short,1823.078,1823.6126714285715,1821.638,1821.638,2021-07-30 14:30:00,win,2.6932428460732916,461.99771541429,1,CISD
2021-08-03 12:35:00,short,1808.348,1808.3515571428572,1807.018,1808.3515571428572,2021-08-03 12:40:00,loss,-1.0,-173.84955697799597,1,CISD
2021-08-04 08:30:00,short,1813.008,1813.3177642857142,1812.046,1812.046,2021-08-04 08:35:00,win,3.105587197639491,1074.4108673476612,4,CISD+IFVG
2021-08-09 09:20:00,short,1744.688,1745.9657571428572,1741.838,1741.838,2021-08-09 09:25:00,win,2.230470802634215,795.6194788682421,4,CISD+IFVG
2021-08-09 12:35:00,short,1741.178,1743.3758857142857,1706.485,1743.3758857142857,2021-08-09 12:40:00,loss,-1.0,-182.33046092418547,1,CISD
2021-08-10 07:30:00,short,1734.028,1734.3725285714286,1733.269,1734.3725285714286,2021-08-10 07:35:00,loss,-1.0,-181.41880861956454,2,CISD+zone
2021-08-13 12:15:00,short,1757.398,1758.017807142857,1755.698,1758.017807142857,2021-08-13 12:20:00,loss,-1.0,-361.02342915293343,5,CISD+BKR
2021-08-17 14:55:00,short,1783.908,1785.0747428571428,1780.898,1780.898,2021-08-17 15:45:00,win,2.579831521206597,461.03291309930313,2,CISD
2021-08-18 14:25:00,short,1782.648,1783.4819285714286,1780.448,1780.448,2021-08-18 14:35:00,win,2.6381156316909786,477.52995884209855,1,CISD
2021-08-19 08:20:00,short,1778.768,1779.45185,1777.208,1779.45185,2021-08-19 08:35:00,loss,-1.0,-183.39941179040906,2,CISD+zone
2021-08-20 08:25:00,short,1785.026,1785.1244714285715,1778.848,1785.1244714285715,2021-08-20 11:00:00,loss,-1.0,-182.48241473145703,3,CISD+FVG
2021-08-24 07:30:00,short,1801.618,1802.0706500000001,1800.648,1802.0706500000001,2021-08-24 07:50:00,loss,-1.0,-181.57000265779973,2,CISD+zone
2021-08-26 08:30:00,short,1784.465,1784.7084571428572,1783.558,1783.558,2021-08-26 08:35:00,win,3.7255017016751353,673.0571571054179,1,CISD
2021-08-26 12:50:00,short,1783.298,1783.0713428571428,1782.448,1783.0713428571428,2021-08-26 12:55:00,loss,1.0,184.02743843003785,1,CISD
2021-08-31 08:50:00,short,1814.595,1815.0072428571427,1809.628,1815.0072428571427,2021-08-31 09:00:00,loss,-1.0,-184.94757562218803,1,CISD
2021-08-31 12:50:00,short,1810.638,1811.8419357142857,1807.618,1807.618,2021-08-31 13:00:00,win,2.508439582084832,461.6101702048176,1,CISD
2021-08-31 14:55:00,short,1806.912,1808.1821285714286,1801.598,1808.1821285714286,2021-08-31 15:30:00,loss,-1.0,-186.3308885951012,1,CISD
2021-09-01 07:10:00,short,1814.638,1814.807042857143,1814.038,1814.807042857143,2021-09-01 07:15:00,loss,-1.0,-370.7984683042513,5,CISD+BKR
2021-09-01 14:35:00,long,1813.135,1811.0202785714287,1818.985,1811.0202785714287,2021-09-01 14:50:00,loss,-1.0,-183.54524181060438,2,CISD+zone
2021-09-03 07:40:00,short,1811.868,1812.37075,1810.628,1812.37075,2021-09-03 08:10:00,loss,-1.0,-182.62751560155135,2,CISD+zone
2021-09-06 09:20:00,short,1824.507,1825.0258285714285,1808.848,1825.0258285714285,2021-09-07 00:10:00,loss,-1.0,-181.7143780235436,1,CISD
2021-09-08 09:10:00,short,1797.778,1798.3588571428572,1795.998,1798.3588571428572,2021-09-08 09:35:00,loss,-1.0,-180.80580613342588,2,CISD+zone
2021-09-09 12:30:00,short,1795.588,1796.09715,1794.477,1794.477,2021-09-09 12:35:00,win,2.1820681528030614,392.5579384486049,1,CISD
2021-09-13 12:55:00,short,1786.207,1787.3451071428572,1783.568,1787.3451071428572,2021-09-13 13:00:00,loss,-1.0,-181.86456679500176,1,CISD
2021-09-15 07:10:00,short,1800.575,1800.7021285714286,1799.534,1800.7021285714286,2021-09-15 07:15:00,loss,-1.0,-50.0,2,CISD+zone
2021-09-17 07:40:00,short,1761.244,1761.8029785714286,1759.964,1761.8029785714286,2021-09-17 08:05:00,loss,-1.0,-48.764883997011076,1,CISD
2021-09-20 13:30:00,short,1755.957,1756.9849857142858,1747.258,1756.9849857142858,2021-09-20 13:35:00,loss,-1.0,-47.56501067009899,1,CISD
2021-09-29 14:05:00,short,1734.405,1734.9283571428573,1733.198,1733.198,2021-09-29 14:10:00,win,2.3062645011590766,107.0087936038604,1,CISD
2021-10-01 08:00:00,short,1752.088,1752.6566571428573,1750.798,1752.6566571428573,2021-10-01 08:15:00,loss,-1.0,-49.117158511596294,1,CISD
2021-10-05 08:25:00,short,1758.208,1758.7609785714285,1756.545,1756.545,2021-10-05 08:40:00,win,3.007349806890848,144.0736113445185,1,CISD
2021-10-07 08:05:00,short,1764.575,1764.8213071428572,1763.608,1763.608,2021-10-07 08:10:00,win,3.925992518052235,197.3917457765464,1,CISD
2021-10-07 12:25:00,short,1759.538,1760.3615142857143,1756.355,1756.355,2021-10-07 12:35:00,win,3.865142420983252,198.14704989108333,1,CISD
2021-10-11 09:00:00,short,1753.875,1753.7841428571428,1753.338,1753.338,2021-10-11 09:05:00,win,5.9103773584870245,308.85191525309176,2,CISD+zone
2021-10-12 07:50:00,short,1757.655,1758.5654642857141,1750.658,1758.5654642857141,2021-10-12 09:10:00,loss,-1.0,-53.80013031345196,1,CISD
2021-10-18 09:50:00,short,1762.034,1762.1295,1761.808,1762.1295,2021-10-18 09:55:00,loss,-1.0,-53.5311296618847,1,CISD
2021-10-19 09:30:00,short,1778.944,1779.3575857142855,1777.358,1779.3575857142855,2021-10-19 09:40:00,loss,-1.0,-67.79781323497734,4,CISD+IFVG
2021-10-19 14:15:00,short,1773.408,1777.012942857143,1763.188,1777.012942857143,2021-10-20 06:05:00,loss,-1.0,-52.92448494740039,1,CISD
2021-10-21 13:50:00,short,1781.318,1782.6148857142857,1777.654,1782.6148857142857,2021-10-21 15:55:00,loss,-1.0,-52.659862522663396,1,CISD
2021-10-26 07:00:00,short,1803.648,1804.2290714285714,1801.724,1801.724,2021-10-26 07:25:00,win,3.3111247695141324,173.49155828220972,2,CISD+zone
2021-10-27 08:35:00,short,1784.558,1784.9456,1783.374,1784.9456,2021-10-27 08:40:00,loss,-1.0,-53.264021001461124,2,CISD+zone
2021-10-28 08:55:00,short,1800.888,1801.2078214285714,1794.014,1801.2078214285714,2021-10-28 11:30:00,loss,-1.0,-66.57678839574336,5,CISD+BKR
2021-10-28 14:30:00,short,1798.748,1800.2960714285714,1794.014,1794.014,2021-10-28 14:35:00,win,3.0579984312280524,161.0489276276974,4,CISD+IFVG
2021-11-02 07:55:00,short,1794.164,1794.6453357142857,1792.978,1792.978,2021-11-02 08:00:00,win,2.4639767314169196,170.48975093289363,4,CISD+IFVG
2021-11-05 09:00:00,short,1797.094,1797.1678928571428,1796.528,1796.528,2021-11-05 09:05:00,win,7.659739004365646,565.648477913232,5,CISD+BKR
2021-11-09 07:30:00,short,1822.503,1822.8914357142855,1812.313,1822.8914357142855,2021-11-09 08:10:00,loss,-1.0,-57.150752736844204,1,CISD
2021-11-10 07:40:00,short,1824.178,1824.4361428571428,1819.043,1824.4361428571428,2021-11-10 07:45:00,loss,-1.0,-56.864998973159985,1,CISD
2021-11-12 07:50:00,short,1856.928,1857.1514714285715,1856.218,1856.218,2021-11-12 07:55:00,win,3.1771399347952727,179.76471883407015,1,CISD
2021-11-12 09:00:00,short,1850.308,1852.8815714285715,1842.748,1852.8815714285715,2021-11-12 09:30:00,loss,-1.0,-57.47949757246454,1,CISD
2021-11-16 14:05:00,short,1864.738,1865.9897571428573,1861.784,1861.784,2021-11-16 14:10:00,win,2.359882679204922,134.9666463770071,2,CISD
2021-11-18 08:40:00,short,1864.667,1865.0913714285716,1863.698,1865.0913714285716,2021-11-18 09:00:00,loss,-1.0,-57.86693331648725,1,CISD
2021-11-18 13:20:00,short,1859.808,1863.0093214285714,1849.434,1863.0093214285714,2021-11-18 13:35:00,loss,-1.0,-57.57759864990481,1,CISD
2021-11-22 12:55:00,short,1839.908,1840.8130714285714,1837.784,1840.8130714285714,2021-11-22 13:05:00,loss,-1.0,-57.28971065665528,1,CISD
2021-11-23 13:15:00,short,1793.404,1793.0991142857142,1792.598,1792.598,2021-11-23 13:20:00,win,2.6436135320022363,150.69459506474448,2,CISD+zone
2021-11-29 13:35:00,short,1789.148,1791.025007142857,1780.358,1791.025007142857,2021-11-30 05:20:00,loss,-1.0,-57.75673507869572,1,CISD
2021-12-01 07:30:00,short,1785.328,1785.7746642857144,1780.128,1785.7746642857144,2021-12-01 07:35:00,loss,-1.0,-57.46795140330225,1,CISD
2021-12-01 14:25:00,short,1785.558,1787.718442857143,1772.428,1787.718442857143,2021-12-01 14:45:00,loss,-1.0,-57.180611646285726,1,CISD
2021-12-06 08:15:00,short,1781.498,1781.4124214285714,1780.975,1780.975,2021-12-06 08:20:00,win,6.1113429596828,347.7030767728103,2,CISD+zone
2021-12-07 09:00:00,short,1780.318,1781.9199642857143,1776.915,1781.9199642857143,2021-12-07 11:25:00,loss,-1.0,-58.63322397191836,1,CISD
2021-12-08 07:00:00,short,1787.775,1788.782892857143,1784.368,1788.782892857143,2021-12-08 07:25:00,loss,-1.0,-58.34005785205877,1,CISD
2021-12-09 08:40:00,short,1783.588,1783.8990571428571,1782.065,1783.8990571428571,2021-12-09 08:50:00,loss,-1.0,-58.048357562798465,1,CISD
2021-12-10 09:15:00,short,1771.048,1771.2931071428573,1770.385,1771.2931071428573,2021-12-10 09:20:00,loss,-1.0,-57.75811577498448,1,CISD
2021-12-10 14:40:00,short,1780.188,1781.2127857142857,1777.4,1781.2127857142857,2021-12-10 15:10:00,loss,-1.0,-57.46932519610956,1,CISD
2021-12-14 12:05:00,short,1784.138,1784.5408,1783.108,1784.5408,2021-12-14 12:30:00,loss,-1.0,-57.18197857012901,2,CISD+zone
2021-12-15 07:00:00,short,1768.128,1768.9428357142856,1766.358,1768.9428357142856,2021-12-15 08:05:00,loss,-1.0,-56.89606867727837,1,CISD
2021-12-15 14:25:00,short,1769.208,1770.1368571428573,1766.358,1766.358,2021-12-15 14:30:00,win,3.0682866810212857,173.70058247634077,2,CISD+zone
2021-12-20 14:35:00,short,1795.968,1796.0,1795.758,1795.758,2021-12-20 14:40:00,win,6.56250000001643,377.21309880461547,2,CISD+zone
2021-12-21 14:15:00,short,1795.378,1796.2877642857143,1789.168,1789.168,2021-12-21 15:35:00,win,6.825943925820251,405.2300570007217,1,CISD
2021-12-22 13:30:00,short,1791.838,1792.1068571428573,1791.259,1791.259,2021-12-22 13:35:00,win,2.153560042506416,132.21201932697278,1,CISD
2021-12-23 14:30:00,short,1804.238,1806.0131857142856,1785.795,1806.0131857142856,2021-12-23 15:05:00,loss,-1.0,-62.05336712193523,1,CISD
2021-12-27 07:45:00,short,1808.458,1808.4823142857144,1808.355,1808.4823142857144,2021-12-27 07:50:00,loss,-1.0,-61.74310028632556,2,CISD+zone
2021-12-28 12:50:00,short,1816.804,1817.058207142857,1816.054,1817.058207142857,2021-12-28 13:00:00,loss,-1.0,-61.43438478489393,1,CISD
2022-01-05 12:35:00,short,1817.744,1818.1271285714286,1816.888,1818.1271285714286,2022-01-05 13:00:00,loss,-1.0,-61.127212860969465,1,CISD
2022-01-07 07:40:00,short,1790.048,1790.1621928571428,1789.628,1789.628,2022-01-07 07:45:00,win,3.677988365548672,223.70105183245752,1,CISD
2022-01-07 12:45:00,short,1790.878,1790.8643785714287,1789.988,1789.988,2022-01-07 12:55:00,win,65.33822758347955,4047.0551779030166,2,CISD+zone
2022-01-10 12:15:00,short,1799.018,1799.0168857142855,1798.745,1799.0168857142855,2022-01-10 12:25:00,loss,1.0,82.17535794534199,2,CISD+zone
2022-01-11 13:40:00,short,1805.738,1805.67515,1805.008,1805.67515,2022-01-11 13:45:00,loss,1.0,165.1724694701374,5,CISD+BKR
2022-01-12 07:00:00,short,1819.578,1819.9419714285714,1818.758,1818.758,2022-01-12 07:10:00,win,2.2529240913729294,187.92112302892028,1,CISD
2022-01-13 07:05:00,short,1824.334,1824.8861285714286,1814.578,1824.8861285714286,2022-01-13 07:20:00,loss,-1.0,-84.351702697564,1,CISD
2022-01-13 14:40:00,short,1820.458,1821.26895,1814.578,1814.578,2022-01-13 15:50:00,win,7.250755287010802,608.5554865312118,1,CISD
2022-01-14 14:25:00,short,1822.488,1823.5200071428571,1820.188,1820.188,2022-01-14 14:30:00,win,2.228666745108439,193.833212398785,1,CISD
2022-01-17 09:30:00,short,1820.848,1821.3698642857144,1819.148,1821.3698642857144,2022-01-17 09:45:00,loss,-1.0,-87.94188767872616,1,CISD
2022-01-17 12:15:00,short,1819.848,1820.3131714285714,1814.578,1820.3131714285714,2022-01-17 12:25:00,loss,-1.0,-87.50217824033253,1,CISD
2022-01-18 08:25:00,short,1814.538,1814.7160714285715,1813.788,1813.788,2022-01-18 08:30:00,win,4.211793020456617,366.6983582694465,1,CISD
2022-01-20 09:45:00,short,1838.808,1839.0068785714284,1838.348,1838.348,2022-01-20 09:50:00,win,2.312969148441699,205.6186994451863,1,CISD
2022-01-20 12:15:00,short,1837.984,1838.4829499999998,1836.918,1836.918,2022-01-20 12:20:00,win,2.1364866219063963,192.12623571862943,2,CISD+zone
2022-01-25 08:25:00,short,1839.898,1841.9499357142859,1829.558,1841.9499357142859,2022-01-25 13:30:00,loss,-1.0,-90.88688381629716,1,CISD
2022-01-26 07:40:00,short,1845.698,1845.7222,1834.838,1845.7222,2022-01-26 08:15:00,loss,-1.0,-90.43244939721568,2,CISD+zone
2022-01-27 08:15:00,short,1810.118,1810.4332571428572,1809.458,1810.4332571428572,2022-01-27 08:20:00,loss,-1.0,-89.98028715022959,1,CISD
2022-01-27 13:05:00,short,1807.214,1808.4312214285715,1804.658,1808.4312214285715,2022-01-27 13:15:00,loss,-1.0,-89.53038571447846,2,CISD+zone
2022-01-28 14:15:00,short,1783.325,1784.7520285714286,1780.158,1784.7520285714286,2022-01-28 14:35:00,loss,-1.0,-89.08273378590606,1,CISD
2022-01-31 07:15:00,short,1786.715,1787.4382357142856,1780.158,1787.4382357142856,2022-01-31 07:50:00,loss,-1.0,-88.63732011697654,1,CISD
2022-02-03 07:20:00,short,1804.745,1805.3129214285714,1794.358,1805.3129214285714,2022-02-03 09:00:00,loss,-1.0,-88.19413351639164,1,CISD
2022-02-03 12:10:00,short,1801.568,1802.7891642857144,1794.358,1802.7891642857144,2022-02-03 13:05:00,loss,-1.0,-87.75316284880968,1,CISD
2022-02-14 09:20:00,short,1854.798,1855.5950285714287,1853.068,1855.5950285714287,2022-02-14 09:35:00,loss,-1.0,-87.31439703456564,2,CISD+zone
2022-02-15 07:35:00,short,1876.788,1877.6467,1870.008,1870.008,2022-02-15 08:10:00,win,7.895656224525423,685.957440124469,1,CISD
2022-02-17 07:15:00,short,1874.484,1874.7199428571428,1873.948,1873.948,2022-02-17 07:20:00,win,2.271736497940788,410.3101975804881,5,CISD+BKR
2022-02-22 08:25:00,short,1906.128,1907.062357142857,1887.453,1907.062357142857,2022-02-23 15:10:00,loss,-1.0,-92.3591632379176,1,CISD
2022-02-25 07:50:00,short,1914.238,1915.61575,1904.201,1904.201,2022-02-25 11:25:00,win,7.285066231174685,1338.9568162757669,5,CISD+BKR
2022-03-01 12:45:00,short,1920.257,1920.8212285714285,1918.067,1918.067,2022-03-01 12:55:00,win,3.881405711971903,382.67613999975816,1,CISD
2022-03-03 07:20:00,short,1926.171,1925.95145,1925.109,1925.95145,2022-03-03 07:25:00,loss,1.0,100.50553220310564,2,CISD+zone
2022-03-08 08:15:00,short,2005.668,2008.6842,1996.668,2008.6842,2022-03-08 08:20:00,loss,-1.0,-101.00805986412117,1,CISD
2022-03-14 08:00:00,short,1972.118,1972.8533071428571,1969.918,1969.918,2022-03-14 08:05:00,win,2.9919469997957946,300.6997078573231,1,CISD
2022-03-17 12:30:00,short,1940.645,1940.9450142857143,1935.387,1940.9450142857143,2022-03-17 12:35:00,loss,-1.0,-204.01303620817436,4,CISD+IFVG
2022-03-21 07:00:00,short,1923.128,1924.3999785714286,1918.628,1924.3999785714286,2022-03-21 07:10:00,loss,-1.0,-100.98645292304631,1,CISD
2022-03-21 09:20:00,short,1923.238,1923.3300285714286,1922.478,1923.3300285714286,2022-03-21 09:25:00,loss,-1.0,-100.48152065843107,2,CISD+zone
2022-03-23 12:30:00,short,1927.948,1928.1736142857142,1924.828,1928.1736142857142,2022-03-23 12:55:00,loss,-1.0,-199.95822611027782,5,CISD+BKR
2022-03-24 08:45:00,short,1941.818,1942.0610571428572,1940.698,1940.698,2022-03-24 08:55:00,win,4.607969907133833,456.0937368570114,2,CISD+zone
2022-03-25 13:10:00,short,1952.108,1953.783257142857,1937.278,1953.783257142857,2022-03-25 15:00:00,loss,-1.0,-101.25979060887259,1,CISD
2022-03-30 13:15:00,short,1924.828,1926.0080857142857,1922.378,1922.378,2022-03-30 13:20:00,win,2.0761203786650095,209.17637724832,1,CISD
2022-03-31 08:15:00,short,1927.098,1927.8383142857142,1925.273,1925.273,2022-03-31 08:20:00,win,2.46516923314441,250.95268360928563,1,CISD
2022-04-01 14:20:00,short,1927.503,1930.8245428571427,1918.988,1918.988,2022-04-01 14:30:00,win,2.5635677051972996,264.18625739793345,1,CISD
2022-04-04 09:05:00,short,1928.753,1929.3858071428572,1918.799,1929.3858071428572,2022-04-04 11:00:00,loss,-1.0,-104.37506824710592,1,CISD
2022-04-06 14:35:00,short,1924.702,1924.9917,1923.508,1924.9917,2022-04-06 14:40:00,loss,-1.0,-103.85319290587039,1,CISD
2022-04-12 07:40:00,short,1954.652,1955.1855142857141,1949.702,1949.702,2022-04-12 09:20:00,win,9.278102072514587,958.7427217155271,1,CISD
2022-04-12 13:45:00,short,1964.698,1965.7319357142858,1960.658,1960.658,2022-04-12 13:55:00,win,3.907399603457249,422.4978998075201,1,CISD
2022-04-14 14:00:00,short,1963.668,1963.9550714285715,1962.718,1963.9550714285715,2022-04-14 14:05:00,loss,-1.0,-110.24013004895627,3,CISD+zone
2022-04-19 09:20:00,short,1976.192,1977.0729357142857,1973.802,1977.0729357142857,2022-04-19 09:55:00,loss,-1.0,-109.6889293987115,1,CISD
2022-04-21 07:15:00,short,1950.582,1951.0291714285713,1939.16,1951.0291714285713,2022-04-21 07:25:00,loss,-1.0,-109.14048475171795,1,CISD
2022-04-21 14:10:00,short,1942.368,1943.3182857142858,1939.445,1943.3182857142858,2022-04-21 14:15:00,loss,-1.0,-108.59478232795935,2,CISD+zone
2022-04-22 08:00:00,short,1950.248,1950.6750285714286,1945.792,1950.6750285714286,2022-04-22 08:20:00,loss,-1.0,-108.05180841631955,1,CISD
2022-04-22 14:35:00,short,1939.478,1941.4909,1934.398,1934.398,2022-04-22 14:45:00,win,2.5237219931443655,271.32926167279066,1,CISD
2022-04-26 12:15:00,long,1905.323,1903.4919571428572,1909.248,1903.4919571428572,2022-04-26 12:20:00,loss,-1.0,-217.73639136520381,4,CISD+IFVG
2022-04-26 14:25:00,short,1902.658,1902.6685857142857,1902.053,1902.053,2022-04-26 14:30:00,win,57.152496625951756,6159.868294559127,2,CISD+zone
2022-04-27 14:30:00,long,1890.105,1887.3549142857144,1895.818,1887.3549142857144,2022-04-27 14:40:00,loss,-1.0,-138.57885519857152,1,CISD
2022-05-03 07:15:00,short,1856.868,1856.3508642857141,1854.468,1856.3508642857141,2022-05-03 07:20:00,loss,1.0,137.88596092257868,1,CISD
2022-05-04 09:05:00,short,1867.638,1868.263892857143,1865.218,1868.263892857143,2022-05-04 09:10:00,loss,-1.0,-138.57539072719158,1,CISD
2022-05-06 12:50:00,short,1878.166,1878.7791,1872.358,1878.7791,2022-05-06 13:00:00,loss,-1.0,-137.88251377355562,1,CISD
2022-05-09 14:20:00,short,1859.788,1859.9534571428571,1858.828,1858.828,2022-05-09 14:25:00,win,5.802106717320942,796.0090140698112,2,CISD+zone
2022-05-11 12:10:00,short,1850.502,1851.736907142857,1846.563,1846.563,2022-05-11 12:30:00,win,3.1897135122941926,900.6037844931396,5,CISD+BKR
2022-05-12 13:50:00,short,1842.369,1844.1485785714285,1831.838,1831.838,2022-05-12 16:50:00,win,5.917693193813817,862.0668512901584,2,CISD
2022-05-13 08:20:00,short,1822.768,1823.4259142857143,1821.208,1821.208,2022-05-13 08:30:00,win,2.371129543579353,355.6374199933174,1,CISD
2022-05-19 13:30:00,short,1835.668,1838.8473428571428,1827.908,1838.8473428571428,2022-05-19 13:45:00,loss,-1.0,-151.76468655391997,1,CISD
2022-05-26 08:55:00,short,1846.103,1847.0560285714287,1842.753,1847.0560285714287,2022-05-26 10:05:00,loss,-1.0,-151.00586312115036,1,CISD
2022-05-27 12:35:00,short,1853.338,1854.1371214285714,1850.453,1854.1371214285714,2022-05-27 12:55:00,loss,-1.0,-150.2508338055446,1,CISD
2022-06-08 07:15:00,short,1847.273,1847.9504571428572,1845.658,1847.9504571428572,2022-06-08 07:25:00,loss,-1.0,-149.4995796365169,2,CISD+zone
2022-06-09 08:20:00,short,1848.533,1848.5631785714286,1844.478,1848.5631785714286,2022-06-09 08:30:00,loss,-1.0,-148.75208173833428,2,CISD+zone
2022-06-09 14:00:00,short,1845.518,1845.751392857143,1844.609,1844.609,2022-06-09 14:05:00,win,3.894720734505958,576.4510779619795,1,CISD
2022-06-10 09:25:00,short,1843.118,1844.2899071428571,1839.91,1839.91,2022-06-10 11:20:00,win,2.737418249861063,413.0506184438902,1,CISD
2022-06-10 13:30:00,short,1832.158,1832.5637357142857,1824.948,1832.5637357142857,2022-06-10 13:35:00,loss,-1.0,-152.95582981167195,1,CISD
2022-06-14 08:50:00,short,1826.503,1826.6055142857144,1819.148,1819.148,2022-06-14 11:50:00,win,71.74609810464004,10919.114051488119,3,CISD+FVG
2022-06-14 13:35:00,short,1818.653,1818.6670857142858,1817.388,1818.6670857142858,2022-06-14 13:40:00,loss,-1.0,-206.7866209200542,3,CISD+FVG
2022-06-15 13:30:00,short,1826.568,1828.1152928571428,1808.528,1828.1152928571428,2022-06-15 18:35:00,loss,-1.0,-205.75268781545395,1,CISD
2022-06-21 13:25:00,short,1835.203,1835.9114285714286,1833.598,1833.598,2022-06-21 13:30:00,win,2.2655777374469603,463.8179653898941,2,CISD+zone
2022-06-24 13:05:00,short,1821.363,1821.5632,1816.898,1821.5632,2022-06-24 13:10:00,loss,-1.0,-207.04301420332612,2,CISD+zone
2022-06-28 09:45:00,short,1825.357,1825.9831428571429,1822.228,1822.228,2022-06-28 10:50:00,win,4.997262149212414,1029.474977046444,1,CISD
2022-06-30 07:35:00,short,1815.433,1816.510407142857,1811.978,1816.510407142857,2022-06-30 08:50:00,loss,-1.0,-211.15517401754173,1,CISD
2022-06-30 09:45:00,short,1812.253,1812.7366571428572,1810.926,1812.7366571428572,2022-06-30 09:55:00,loss,-1.0,-210.09939814745402,1,CISD
2022-07-05 13:15:00,short,1795.938,1796.0558714285714,1793.245,1793.245,2022-07-05 13:30:00,win,22.84692764515404,4776.125119026466,1,CISD
2022-07-06 13:25:00,short,1763.528,1764.2110571428573,1761.964,1761.964,2022-07-06 13:30:00,win,2.289705943865565,533.340121905502,2,CISD+zone
2022-07-07 07:00:00,short,1743.728,1744.0631571428573,1736.358,1744.0631571428573,2022-07-07 07:45:00,loss,-1.0,-235.59622736137658,1,CISD
2022-07-07 14:50:00,short,1743.341,1744.105114285714,1741.418,1741.418,2022-07-07 14:55:00,win,2.5166392461863922,589.9461584709371,4,CISD+IFVG
2022-07-08 07:25:00,short,1740.114,1740.5828785714284,1736.358,1736.358,2022-07-08 07:35:00,win,8.010602806090981,1901.460582767914,1,CISD
2022-07-12 13:15:00,short,1730.147,1730.8909785714286,1723.048,1730.8909785714286,2022-07-12 13:20:00,loss,-1.0,-246.87527993076392,1,CISD
2022-07-15 08:05:00,short,1702.578,1703.310585714286,1700.544,1703.310585714286,2022-07-15 08:15:00,loss,-1.0,-245.64090353111013,1,CISD
2022-07-19 12:00:00,short,1714.321,1714.5944714285715,1713.246,1713.246,2022-07-19 12:10:00,win,3.930940813871237,1921.5437079608298,4,CISD+IFVG
2022-07-20 08:20:00,short,1707.221,1707.4408714285714,1706.584,1707.4408714285714,2022-07-20 08:30:00,loss,-1.0,-254.02041755325874,2,CISD+zone
2022-07-22 07:35:00,short,1716.164,1717.1695,1713.958,1717.1695,2022-07-22 08:00:00,loss,-1.0,-252.75031546549246,1,CISD
2022-07-26 08:35:00,short,1722.766,1723.1083714285714,1721.394,1721.394,2022-07-26 08:45:00,win,4.007343736961603,1007.7931067272322,1,CISD
2022-07-27 12:00:00,short,1720.538,1720.682507142857,1719.848,1720.682507142857,2022-07-27 12:05:00,loss,-1.0,-256.52552942180114,1,CISD
2022-07-27 13:00:00,short,1717.108,1718.4676714285715,1713.578,1718.4676714285715,2022-07-27 13:30:00,loss,-1.0,-255.24290177469217,1,CISD
2022-07-29 09:15:00,short,1760.687,1762.6810071428572,1752.524,1762.6810071428572,2022-07-29 10:40:00,loss,-1.0,-253.9666872658187,1,CISD
2022-08-01 12:30:00,short,1769.064,1771.0498142857143,1758.208,1771.0498142857143,2022-08-01 13:00:00,loss,-1.0,-252.69685382948958,1,CISD
2022-08-02 07:45:00,short,1771.784,1771.9748357142857,1771.258,1771.9748357142857,2022-08-02 07:50:00,loss,-1.0,-251.43336956034213,1,CISD
2022-08-02 13:20:00,short,1777.992,1783.017792857143,1758.208,1783.017792857143,2022-08-02 14:10:00,loss,-1.0,-250.17620271254043,1,CISD
2022-08-03 14:05:00,short,1761.765,1762.0974214285714,1760.772,1760.772,2022-08-03 14:10:00,win,2.9871720492511065,743.5827633300263,1,CISD
2022-08-04 13:00:00,short,1780.418,1779.9850642857143,1778.198,1778.198,2022-08-04 13:10:00,win,5.127782085761174,2590.998914331556,5,CISD+BKR
2022-08-08 08:00:00,long,1776.444,1775.643307142857,1778.894,1775.643307142857,2022-08-08 08:10:00,loss,-1.0,-265.5982300872857,1,CISD
2022-08-09 14:55:00,short,1791.964,1793.4352285714285,1787.975,1793.4352285714285,2022-08-09 15:30:00,loss,-1.0,-528.5404778736985,5,CISD+BKR
2022-08-11 14:35:00,short,1792.804,1793.2053642857143,1791.888,1791.888,2022-08-11 14:40:00,win,2.28221601324157,597.0905534136048,1,CISD
2022-08-18 14:50:00,short,1762.468,1763.3452214285714,1759.714,1759.714,2022-08-18 15:40:00,win,3.1394581918561237,830.7414169750971,1,CISD
2022-08-23 09:30:00,short,1739.378,1739.5663714285715,1737.548,1737.548,2022-08-23 10:05:00,win,9.714849082350874,2611.027893882422,3,CISD+FVG
2022-08-25 12:00:00,short,1762.674,1762.49785,1761.958,1761.958,2022-08-25 12:05:00,win,4.064717570251867,2291.0523358733935,5,CISD+BKR
2022-08-26 07:45:00,short,1752.598,1752.8237142857142,1751.704,1752.8237142857142,2022-08-26 07:50:00,loss,-1.0,-50.0,1,CISD
2022-09-01 07:50:00,short,1704.868,1705.1884928571428,1704.118,1704.118,2022-09-01 08:00:00,win,2.3401457576498745,114.11693640789372,2,CISD+zone
2022-09-01 12:45:00,short,1699.224,1699.2173285714284,1694.844,1699.2173285714284,2022-09-01 12:50:00,loss,1.0,50.320584682039474,2,CISD+zone
2022-09-05 07:10:00,short,1709.005,1709.6015214285715,1707.574,1709.6015214285715,2022-09-05 07:30:00,loss,-1.0,-50.57218760544967,1,CISD
2022-09-05 12:10:00,short,1712.16,1712.6223357142858,1710.385,1712.6223357142858,2022-09-05 12:25:00,loss,-1.0,-50.31932666742242,2,CISD+zone
2022-09-05 13:30:00,short,1711.348,1711.6715642857143,1710.385,1711.6715642857143,2022-09-05 13:40:00,loss,-1.0,-50.06773003408531,1,CISD
2022-09-06 08:25:00,short,1714.593,1715.133657142857,1713.478,1713.478,2022-09-06 08:40:00,win,2.062305131322829,101.49979886653611,1,CISD
2022-09-08 08:00:00,short,1717.308,1717.6836285714285,1715.684,1717.6836285714285,2022-09-08 08:10:00,loss,-1.0,-50.32489037824757,1,CISD
2022-09-08 12:20:00,short,1722.725,1722.9249428571427,1720.985,1720.985,2022-09-08 12:25:00,win,8.702486424695866,435.76191696430203,1,CISD
2022-09-09 12:00:00,short,1721.038,1721.5313428571428,1719.654,1721.5313428571428,2022-09-09 12:10:00,loss,-1.0,-52.252075511177836,3,CISD+FVG
2022-09-13 08:25:00,short,1722.418,1723.0371142857143,1719.888,1723.0371142857143,2022-09-13 08:30:00,loss,-1.0,-51.99081513362194,2,CISD+zone
2022-09-15 13:40:00,short,1684.114,1684.1828714285714,1681.968,1684.1828714285714,2022-09-15 13:45:00,loss,-1.0,-51.73086105795384,1,CISD
2022-09-19 13:20:00,short,1664.338,1664.9490857142857,1662.925,1662.925,2022-09-19 13:25:00,win,2.312277912848156,119.01804679973884,2,CISD+zone
2022-09-20 08:05:00,short,1670.735,1671.0496,1670.088,1670.088,2022-09-20 08:10:00,win,2.05657978385129,107.08055038255183,1,CISD
2022-09-20 12:20:00,short,1666.398,1667.7818928571428,1659.583,1667.7818928571428,2022-09-20 12:45:00,loss,-1.0,-52.60269973857554,1,CISD
2022-09-22 13:45:00,short,1673.165,1673.7384285714286,1671.858,1673.7384285714286,2022-09-22 13:50:00,loss,-1.0,-52.33968623988265,1,CISD
2022-09-27 09:05:00,short,1635.127,1635.7902142857142,1633.665,1633.665,2022-09-27 09:25:00,win,2.204415724286502,136.56407968584176,4,CISD+IFVG
2022-09-27 12:55:00,short,1635.488,1636.2136142857141,1632.785,1636.2136142857141,2022-09-27 13:05:00,loss,-1.0,-52.76080820711245,1,CISD
2022-09-28 09:05:00,short,1618.258,1618.8472928571427,1614.71,1618.8472928571427,2022-09-28 09:30:00,loss,-1.0,-52.497004166076884,1,CISD
2022-09-30 08:35:00,short,1670.786,1671.4031714285713,1668.508,1671.4031714285713,2022-09-30 08:45:00,loss,-1.0,-52.23451914524651,1,CISD
2022-10-04 08:20:00,short,1706.978,1708.52715,1703.428,1708.52715,2022-10-04 08:50:00,loss,-1.0,-51.97334654952027,1,CISD
2022-10-10 13:20:00,short,1675.148,1675.2863642857144,1674.028,1674.028,2022-10-10 13:30:00,win,8.094574363727002,418.59860798396176,2,CISD+zone
2022-10-10 14:25:00,short,1673.818,1674.704292857143,1671.998,1674.704292857143,2022-10-10 14:30:00,loss,-1.0,-53.80647285669248,1,CISD
2022-10-14 14:45:00,short,1646.856,1648.0718,1642.288,1648.0718,2022-10-14 14:50:00,loss,-1.0,-53.53744049240902,1,CISD
2022-10-18 08:45:00,short,1652.918,1653.2237071428572,1651.148,1651.148,2022-10-18 08:55:00,win,5.789854903149425,308.42414227535966,1,CISD
2022-10-18 13:50:00,short,1653.037,1654.385042857143,1650.128,1650.128,2022-10-18 14:25:00,win,2.1579432616597702,118.28091416010096,1,CISD
2022-10-25 08:45:00,short,1644.988,1645.3642928571428,1643.747,1643.747,2022-10-25 08:55:00,win,3.297963212544377,182.71797458521402,1,CISD
2022-10-25 12:25:00,short,1641.507,1641.7047499999999,1640.938,1640.938,2022-10-25 12:30:00,win,2.8773704171959236,162.04449125290245,1,CISD
2022-10-26 12:20:00,short,1666.898,1667.158442857143,1649.558,1667.158442857143,2022-10-26 14:00:00,loss,-1.0,-57.12709090131485,1,CISD
2022-10-27 09:05:00,short,1662.608,1662.5749142857144,1662.107,1662.107,2022-10-27 09:10:00,win,15.14248704670108,860.7210028189309,2,CISD+zone
2022-10-27 13:50:00,short,1658.228,1659.0645357142857,1656.117,1659.0645357142857,2022-10-27 14:00:00,loss,-1.0,-61.14506046090293,2,CISD
2022-10-28 12:35:00,short,1646.548,1648.5263,1639.898,1648.5263,2022-10-28 14:00:00,loss,-1.0,-60.839335158598416,1,CISD
2022-11-01 07:55:00,long,1645.188,1643.5070357142858,1649.578,1649.578,2022-11-01 09:45:00,win,2.6115962351541167,158.09333975622772,2,CISD+zone
2022-11-01 13:45:00,short,1652.358,1651.9255142857144,1650.637,1650.637,2022-11-01 13:50:00,win,3.9793221906599294,244.03434155473695,1,CISD
2022-11-04 12:25:00,short,1650.197,1650.9076357142858,1648.557,1648.557,2022-11-04 12:30:00,win,2.307792821316148,288.32588642236374,4,CISD+IFVG
2022-11-08 09:05:00,short,1666.508,1666.6370857142858,1664.557,1666.6370857142858,2022-11-08 09:15:00,loss,-1.0,-63.98740632147207,1,CISD
2022-11-10 09:00:00,short,1706.708,1707.2359857142858,1705.118,1705.118,2022-11-10 09:15:00,win,3.01144511485733,191.73108936829217,1,CISD
2022-11-14 09:00:00,short,1760.618,1761.1595142857143,1758.507,1758.507,2022-11-14 09:15:00,win,3.8983274415652414,251.93379550311994,1,CISD
2022-11-15 08:35:00,short,1775.877,1775.9438857142857,1773.778,1775.9438857142857,2022-11-15 08:45:00,loss,-1.0,-65.88579371422178,3,CISD+FVG
2022-11-15 14:30:00,short,1772.997,1775.4208285714285,1766.948,1775.4208285714285,2022-11-15 18:30:00,loss,-1.0,-65.55636474565067,1,CISD
2022-11-17 09:35:00,short,1764.978,1765.0123428571428,1763.278,1765.0123428571428,2022-11-17 09:40:00,loss,-1.0,-65.22858292192241,2,CISD+zone
2022-11-18 14:35:00,short,1756.488,1756.7287071428573,1754.268,1754.268,2022-11-18 14:40:00,win,9.222825603130856,598.5838854051088,3,CISD+FVG
2022-11-21 07:45:00,short,1742.728,1743.1371,1741.888,1743.1371,2022-11-21 07:50:00,loss,-1.0,-67.89535943433835,1,CISD
2022-11-22 12:40:00,short,1746.498,1746.8328642857143,1745.557,1746.8328642857143,2022-11-22 13:00:00,loss,-1.0,-135.1117652743333,5,CISD+BKR
2022-11-23 13:25:00,short,1734.397,1734.7948785714286,1732.857,1734.7948785714286,2022-11-23 13:30:00,loss,-1.0,-66.88032381079498,1,CISD
2022-11-29 09:45:00,short,1752.748,1754.862385714286,1740.057,1754.862385714286,2022-11-29 10:15:00,loss,-1.0,-133.091844383482,4,CISD+IFVG
2022-11-29 14:20:00,short,1749.768,1749.807807142857,1740.057,1749.807807142857,2022-11-29 14:30:00,loss,-1.0,-65.8804629698236,3,CISD+FVG
2022-12-06 14:25:00,short,1776.048,1777.4230142857143,1772.348,1777.4230142857143,2022-12-06 14:35:00,loss,-1.0,-65.55106065497448,1,CISD
2022-12-08 08:15:00,short,1784.175,1784.2757642857143,1783.417,1783.417,2022-12-08 08:20:00,win,7.52250655702203,490.64274217881035,2,CISD+zone
2022-12-08 14:35:00,short,1786.588,1787.6503714285716,1784.338,1784.338,2022-12-08 14:40:00,win,2.1179033429251426,143.33232596020423,1,CISD
2022-12-12 13:55:00,short,1787.678,1788.3179428571427,1785.308,1788.3179428571427,2022-12-12 14:05:00,loss,-1.0,-68.39318069239468,1,CISD
2022-12-13 08:30:00,short,1785.335,1785.4032357142858,1785.165,1785.4032357142858,2022-12-13 08:35:00,loss,-1.0,-136.1024295778654,5,CISD+BKR
2022-12-14 07:35:00,short,1809.305,1809.1515285714286,1808.058,1808.058,2022-12-14 07:40:00,win,8.125290887086337,547.4065562258731,2,CISD+zone
2022-12-14 12:00:00,short,1806.405,1806.478792857143,1805.195,1806.478792857143,2022-12-14 12:05:00,loss,-1.0,-70.10773542217274,2,CISD+zone
2022-12-15 07:40:00,short,1791.485,1791.989242857143,1789.505,1789.505,2022-12-15 07:45:00,win,3.926679321187036,273.9141419628101,1,CISD
2022-12-19 13:00:00,short,1792.535,1793.6255071428573,1790.215,1793.6255071428573,2022-12-19 13:35:00,loss,-1.0,-71.12676745487593,1,CISD
2022-12-22 09:20:00,short,1816.385,1816.653642857143,1814.955,1816.653642857143,2022-12-22 09:40:00,loss,-1.0,-70.77113361760155,1,CISD
2022-12-23 14:35:00,short,1792.375,1792.675292857143,1791.098,1792.675292857143,2022-12-23 14:40:00,loss,-1.0,-70.41727794951353,1,CISD
2022-12-27 12:40:00,short,1809.205,1809.3366357142859,1808.195,1809.3366357142859,2022-12-27 12:45:00,loss,-1.0,-70.06519155976598,1,CISD
2022-12-29 07:15:00,short,1806.655,1807.2114428571429,1804.985,1804.985,2022-12-29 07:30:00,win,3.0012066442453227,209.2287178472935,1,CISD
2022-12-30 07:40:00,short,1816.825,1817.749507142857,1814.558,1817.749507142857,2022-12-30 08:10:00,loss,-1.0,-141.52201838240723,5,CISD+BKR
2023-01-05 13:45:00,short,1840.485,1841.7203928571428,1836.048,1836.048,2023-01-05 13:50:00,win,3.5915700615765918,251.60169091669223,1,CISD
2023-01-06 09:05:00,short,1836.328,1837.1054285714285,1831.198,1837.1054285714285,2023-01-06 10:40:00,loss,-1.0,-71.31140755387503,1,CISD
2023-01-09 09:00:00,short,1873.998,1874.5011928571428,1866.975,1874.5011928571428,2023-01-09 12:10:00,loss,-1.0,-70.95485051610567,1,CISD
2023-01-10 12:10:00,short,1873.665,1874.0740428571428,1867.745,1874.0740428571428,2023-01-10 12:15:00,loss,-1.0,-70.60007626352514,1,CISD
2023-01-12 14:45:00,short,1886.618,1886.5724071428572,1886.448,1886.448,2023-01-12 14:50:00,win,3.7286542378233647,261.9270571828925,3,CISD+FVG
2023-01-17 07:00:00,short,1908.835,1908.9419928571428,1907.987,1907.987,2023-01-17 07:05:00,win,7.925762734497778,567.1415147795221,2,CISD+zone
2023-01-20 14:05:00,short,1924.505,1925.5509642857144,1900.855,1925.5509642857144,2023-01-20 14:25:00,loss,-1.0,-74.39241874201959,1,CISD
2023-01-23 12:10:00,short,1923.585,1924.3720785714286,1921.898,1924.3720785714286,2023-01-23 12:25:00,loss,-1.0,-74.02045664830949,1,CISD
2023-01-23 13:30:00,short,1924.195,1925.22555,1920.508,1920.508,2023-01-23 13:35:00,win,3.5777012274991695,263.4989632176524,1,CISD
2023-01-24 13:15:00,short,1935.615,1936.8393642857143,1930.675,1930.675,2023-01-24 13:50:00,win,4.034746894890145,604.9525934005254,4,CISD+IFVG
2023-01-25 08:55:00,short,1929.225,1929.5939142857142,1927.795,1929.5939142857142,2023-01-25 09:20:00,loss,-1.0,-77.99261214815883,2,CISD+zone
2023-02-02 13:25:00,short,1952.155,1952.6106357142855,1950.697,1952.6106357142855,2023-02-02 13:30:00,loss,-1.0,-77.60264908741803,1,CISD
2023-02-09 13:20:00,short,1880.415,1880.990057142857,1871.908,1880.990057142857,2023-02-09 13:30:00,loss,-1.0,-77.21463584198095,1,CISD
2023-02-13 08:20:00,short,1861.585,1863.018157142857,1858.305,1863.018157142857,2023-02-13 08:50:00,loss,-1.0,-76.82856266277103,1,CISD
2023-02-14 14:35:00,short,1847.865,1847.8992714285714,1843.165,1847.8992714285714,2023-02-14 14:40:00,loss,-1.0,-76.44441984945718,1,CISD
2023-02-16 09:35:00,short,1836.255,1837.2069785714286,1834.225,1837.2069785714286,2023-02-16 10:25:00,loss,-1.0,-76.0621977502099,1,CISD
2023-02-16 14:55:00,short,1829.495,1829.6867142857143,1827.565,1827.565,2023-02-16 15:05:00,win,10.067064083450818,761.8944039840743,4,CISD+FVG
2023-02-17 14:35:00,short,1825.965,1827.213557142857,1822.955,1822.955,2023-02-17 14:45:00,win,2.4107827320677933,191.63639509875455,1,CISD
2023-02-21 07:00:00,short,1837.465,1837.5578571428573,1837.145,1837.5578571428573,2023-02-21 07:05:00,loss,-1.0,-80.44954075687299,1,CISD
2023-02-22 14:40:00,short,1835.895,1837.0208285714286,1833.045,1837.0208285714286,2023-02-22 14:45:00,loss,-1.0,-80.04729305308862,1,CISD
2023-02-23 07:20:00,short,1829.625,1830.69475,1827.435,1830.69475,2023-02-23 07:35:00,loss,-1.0,-159.29411317564634,5,CISD+BKR
2023-02-24 07:50:00,short,1822.645,1822.5945428571429,1817.395,1822.5945428571429,2023-02-24 08:20:00,loss,1.0,78.85058602194493,2,CISD+zone
2023-03-02 12:30:00,short,1832.715,1833.2073,1831.194,1831.194,2023-03-02 12:40:00,win,3.0895795246792734,244.83323186277462,2,CISD+zone
2023-03-07 07:00:00,short,1845.915,1846.7568642857143,1844.045,1846.7568642857143,2023-03-07 07:10:00,loss,-1.0,-80.46900511136853,1,CISD
2023-03-07 08:20:00,short,1847.075,1846.9306142857145,1845.785,1846.9306142857145,2023-03-07 08:25:00,loss,1.0,80.06666008581169,3,CISD+FVG
2023-03-07 09:20:00,short,1845.695,1845.9879785714286,1845.015,1845.9879785714286,2023-03-07 09:25:00,loss,-1.0,-80.46699338624074,1,CISD
2023-03-08 12:25:00,short,1814.405,1814.6713142857143,1813.438,1814.6713142857143,2023-03-08 12:30:00,loss,-1.0,-160.1293168386191,5,CISD+BKR
2023-03-14 13:35:00,short,1903.915,1905.2424785714286,1900.785,1900.785,2023-03-14 13:40:00,win,2.357853503150251,186.8929279791723,2,CISD+zone
2023-03-15 07:55:00,short,1896.875,1897.1492857142857,1895.228,1895.228,2023-03-15 08:00:00,win,6.004687499999535,481.56678920851317,2,CISD+zone
2023-03-16 09:30:00,short,1918.724,1919.2069071428573,1916.355,1919.2069071428573,2023-03-16 09:35:00,loss,-1.0,-82.60631042105489,2,CISD+zone
2023-03-21 07:40:00,short,1974.715,1975.3875071428572,1971.825,1975.3875071428572,2023-03-21 07:45:00,loss,-1.0,-82.1932788689496,1,CISD
2023-03-22 07:10:00,short,1938.535,1939.993292857143,1935.194,1935.194,2023-03-22 07:25:00,win,2.291035016482183,187.36614160820739,2,CISD+zone
2023-03-22 12:35:00,short,1939.325,1939.8334,1937.825,1939.8334,2023-03-22 12:50:00,loss,-1.0,-82.7191431826459,1,CISD
2023-03-24 13:45:00,short,1995.635,1997.1593285714287,1991.285,1991.285,2023-03-24 13:55:00,win,2.8537154531735216,234.87661268772177,1,CISD
2023-03-27 08:35:00,short,1969.015,1969.4267857142859,1967.755,1969.4267857142859,2023-03-27 08:40:00,loss,-1.0,-83.47993053017127,2,CISD+zone
2023-03-28 08:30:00,short,1952.018,1953.1024142857143,1943.895,1953.1024142857143,2023-03-28 09:45:00,loss,-1.0,-83.06253087752042,1,CISD
2023-03-28 14:05:00,short,1961.015,1962.5742857142857,1956.818,1962.5742857142857,2023-03-28 14:25:00,loss,-1.0,-82.64721822313282,1,CISD
2023-03-30 08:10:00,short,1965.885,1966.6663071428572,1962.825,1966.6663071428572,2023-03-30 08:25:00,loss,-1.0,-82.23398213201716,1,CISD
2023-03-31 12:15:00,short,1978.675,1980.0390285714286,1973.095,1980.0390285714286,2023-03-31 12:30:00,loss,-1.0,-163.64562444271414,4,CISD+IFVG
2023-03-31 14:15:00,short,1977.635,1977.7720285714286,1976.125,1977.7720285714286,2023-03-31 14:25:00,loss,-1.0,-81.0045840991435,5,CISD+BKR
2023-04-04 07:30:00,short,1980.285,1980.7323785714286,1979.128,1979.128,2023-04-04 07:35:00,win,2.5861766161613096,208.44470039308177,2,CISD+zone
2023-04-06 14:00:00,short,2003.455,2004.2663571428573,2001.0,2004.2663571428573,2023-04-06 14:05:00,loss,-1.0,-81.6417846806132,1,CISD
2023-04-10 12:50:00,short,1992.885,1994.8016785714285,1988.808,1988.808,2023-04-10 13:00:00,win,2.127117222874449,172.79333806883795,1,CISD
2023-04-12 13:40:00,short,2008.595,2014.5364214285714,1988.615,2014.5364214285714,2023-04-12 18:15:00,loss,-1.0,-164.19508489510864,4,CISD+IFVG
2023-04-14 07:00:00,short,2040.905,2041.25575,2039.515,2039.515,2023-04-14 07:05:00,win,3.962936564503571,322.093879293084,1,CISD
2023-04-14 12:30:00,short,2031.365,2033.4411071428572,2015.158,2033.4411071428572,2023-04-14 12:35:00,loss,-1.0,-82.88703641954419,1,CISD
2023-04-17 07:55:00,short,2010.825,2011.1130642857142,2003.715,2011.1130642857142,2023-04-17 08:05:00,loss,-1.0,-82.47260123744647,1,CISD
2023-04-20 07:40:00,short,1996.535,1997.1130428571428,1994.095,1997.1130428571428,2023-04-20 07:50:00,loss,-1.0,-82.06023823125925,1,CISD
2023-04-26 07:30:00,short,1996.335,1998.7068285714286,1976.015,1998.7068285714286,2023-04-26 09:20:00,loss,-1.0,-81.64993704010296,1,CISD
2023-04-26 14:55:00,short,1998.648,1998.9288571428572,1998.065,1998.9288571428572,2023-04-26 15:00:00,loss,-1.0,-81.24168735490244,1,CISD
2023-04-27 07:40:00,short,2000.315,2001.1014714285714,1997.684,1997.684,2023-04-27 08:25:00,win,3.3453217808300235,540.841376577279,5,CISD+BKR
2023-04-28 12:15:00,short,1981.905,1982.1007571428572,1973.865,1982.1007571428572,2023-04-28 12:20:00,loss,-1.0,-83.53968580101431,1,CISD
2023-05-08 13:35:00,short,2019.084,2021.0784357142857,2015.064,2021.0784357142857,2023-05-08 13:45:00,loss,-1.0,-83.12198737200924,1,CISD
2023-05-09 08:25:00,short,2022.255,2022.2266785714287,2021.725,2022.2266785714287,2023-05-09 08:30:00,loss,1.0,82.7063774351492,2,CISD+zone
2023-05-09 12:25:00,short,2030.054,2030.3496357142856,2028.874,2028.874,2023-05-09 12:30:00,win,3.9913986808122717,331.76469641836337,1,CISD
2023-05-10 08:30:00,short,2027.165,2028.3608857142856,2019.344,2028.3608857142856,2023-05-10 08:50:00,loss,-1.0,-84.77873280441673,1,CISD
2023-05-10 12:15:00,short,2028.144,2028.269307142857,2027.664,2027.664,2023-05-10 12:20:00,win,3.8305876987992464,323.128609145385,1,CISD
2023-05-10 14:35:00,short,2031.314,2033.3828071428572,2024.965,2024.965,2023-05-10 15:10:00,win,3.0689182517185953,263.8363818900369,2,CISD+zone
2023-05-11 13:10:00,short,2033.704,2034.1130785714286,2029.944,2029.944,2023-05-11 13:15:00,win,9.191388311710133,802.3131983011418,1,CISD
2023-05-12 08:50:00,short,2006.834,2007.2886857142857,2005.595,2005.595,2023-05-12 08:55:00,win,2.724959155460831,248.7921228306176,1,CISD
2023-05-15 14:50:00,short,2013.754,2015.0666428571428,2008.595,2015.0666428571428,2023-05-15 14:55:00,loss,-1.0,-185.0903814024611,4,CISD+IFVG
2023-05-16 14:45:00,short,2003.574,2003.4279928571427,2001.124,2003.4279928571427,2023-05-16 14:50:00,loss,1.0,91.61973879421825,2,CISD+zone
2023-05-17 08:20:00,short,1987.274,1987.132707142857,1986.654,1987.132707142857,2023-05-17 08:25:00,loss,1.0,92.07783748818935,1,CISD
2023-05-17 13:30:00,short,1983.074,1983.6961071428573,1981.784,1981.784,2023-05-17 13:35:00,win,2.07359779551039,191.8870628350277,1,CISD
2023-05-18 14:40:00,short,1956.055,1956.7714285714287,1954.555,1954.555,2023-05-18 14:55:00,win,2.0937188434693597,195.7578167283845,1,CISD
2023-05-19 13:40:00,short,1959.384,1959.6491571428571,1957.695,1959.6491571428571,2023-05-19 13:45:00,loss,-1.0,-94.47645107344734,3,CISD+FVG
2023-05-22 13:50:00,short,1971.795,1972.8786928571428,1953.905,1972.8786928571428,2023-05-22 14:05:00,loss,-1.0,-94.0040688180801,1,CISD
2023-05-25 12:20:00,short,1960.575,1960.4630714285715,1960.348,1960.348,2023-05-25 12:25:00,win,2.0280791321015172,189.69445185107028,3,CISD+FVG
2023-05-31 07:00:00,short,1959.005,1959.9431571428572,1953.498,1959.9431571428572,2023-05-31 11:35:00,loss,-1.0,-94.48252073324505,2,CISD+zone
2023-06-02 07:40:00,short,1977.025,1976.996707142857,1976.885,1976.885,2023-06-02 07:45:00,win,4.948245392553599,465.1850844056542,2,CISD+zone
2023-06-02 12:35:00,short,1976.858,1976.1220428571428,1973.945,1973.945,2023-06-02 12:40:00,win,3.958110914843567,381.3087058933522,2,CISD+zone
2023-06-06 12:30:00,short,1962.115,1962.3463142857142,1957.735,1962.3463142857142,2023-06-06 12:50:00,loss,-1.0,-98.24257708107388,1,CISD
2023-06-07 12:00:00,short,1961.075,1961.297607142857,1959.635,1959.635,2023-06-07 12:15:00,win,6.46879512273862,632.333547949987,1,CISD
2023-06-08 09:25:00,short,1946.715,1947.9007428571429,1944.245,1947.9007428571429,2023-06-08 12:25:00,loss,-1.0,-100.91303193541845,1,CISD
2023-06-09 07:55:00,short,1963.275,1963.5901214285714,1962.484,1962.484,2023-06-09 08:00:00,win,2.510143482106167,252.03965842540072,1,CISD
2023-06-13 12:00:00,short,1963.705,1963.7486,1962.605,1962.605,2023-06-13 12:05:00,win,25.22935779818074,2565.0351278606495,3,CISD+FVG
2023-06-13 13:45:00,short,1955.505,1956.55405,1949.264,1949.264,2023-06-13 15:20:00,win,5.9491921262104706,681.1458556347011,1,CISD
2023-06-19 12:00:00,short,1948.265,1948.4378357142857,1947.685,1948.4378357142857,2023-06-19 12:05:00,loss,-1.0,-117.89956998534514,1,CISD
2023-06-21 12:45:00,short,1930.755,1931.1565285714285,1929.705,1929.705,2023-06-21 12:50:00,win,2.615006937775445,306.76665250505704,2,CISD+zone
2023-06-22 14:30:00,short,1916.375,1916.7267357142857,1915.615,1916.7267357142857,2023-06-22 14:35:00,loss,-1.0,-118.84390539794367,1,CISD
2023-06-23 09:55:00,short,1918.075,1918.1974785714285,1917.675,1917.675,2023-06-23 10:00:00,win,3.265877412961889,386.1889781757871,1,CISD
2023-06-23 14:25:00,short,1929.205,1929.2353142857141,1923.305,1923.305,2023-06-23 15:15:00,win,194.62770970829146,23390.48091647337,3,CISD+FVG
2023-06-26 09:30:00,short,1929.995,1930.7692214285714,1927.385,1930.7692214285714,2023-06-26 10:05:00,loss,-1.0,-237.13303534419975,1,CISD
2023-06-27 08:10:00,short,1926.785,1927.6438142857144,1924.055,1924.055,2023-06-27 09:30:00,win,3.1788013373920965,750.0298158425295,2,CISD+zone
2023-06-29 09:10:00,short,1905.165,1905.6151,1903.385,1905.6151,2023-06-29 09:25:00,loss,-1.0,-239.6975192466914,1,CISD
2023-06-30 07:45:00,short,1905.345,1905.6779142857142,1903.575,1903.575,2023-06-30 08:20:00,win,5.316683831103335,1268.023945309792,1,CISD
2023-07-03 07:35:00,short,1913.915,1915.0492428571429,1900.465,1915.0492428571429,2023-07-03 12:30:00,loss,-1.0,-244.83915137700686,1,CISD
2023-07-06 08:00:00,short,1919.174,1919.5222857142855,1918.008,1918.008,2023-07-06 08:15:00,win,3.3478260869577707,815.5805035981034,1,CISD
2023-07-14 13:00:00,short,1956.415,1956.3853928571427,1955.518,1955.518,2023-07-14 13:05:00,win,30.29674306384063,7504.286881758716,2,CISD+zone
2023-07-17 07:20:00,short,1951.878,1951.8129999999999,1951.545,1951.8129999999999,2023-07-17 07:25:00,loss,1.0,285.214292546906,2,CISD+zone
2023-07-17 09:15:00,short,1954.555,1955.1380142857145,1953.185,1955.1380142857145,2023-07-17 09:30:00,loss,-1.0,-286.64036400964045,2,CISD+zone
2023-07-20 07:50:00,short,1978.975,1979.0828857142856,1977.795,1979.0828857142856,2023-07-20 07:55:00,loss,-1.0,-285.2071621895923,1,CISD
2023-07-21 07:30:00,short,1968.725,1969.7178857142858,1965.198,1965.198,2023-07-21 07:50:00,win,3.5522718770675223,1008.0677144774024,1,CISD
2023-07-24 08:20:00,short,1962.305,1963.0947928571427,1959.625,1959.625,2023-07-24 08:55:00,win,3.3932948060532797,980.056376895034,1,CISD
2023-07-24 13:20:00,short,1963.835,1963.8705714285713,1958.905,1963.8705714285713,2023-07-24 13:45:00,loss,-1.0,-293.72174683550645,3,CISD+FVG
2023-07-25 07:15:00,short,1961.255,1962.2423357142857,1953.805,1962.2423357142857,2023-07-25 08:40:00,loss,-1.0,-292.25313810132894,2,CISD+zone
2023-07-27 09:45:00,short,1974.428,1975.379242857143,1971.095,1975.379242857143,2023-07-27 10:00:00,loss,-1.0,-290.79187241082224,1,CISD
2023-07-28 13:05:00,short,1953.405,1953.5656714285715,1952.915,1953.5656714285715,2023-07-28 13:10:00,loss,-1.0,-289.33791304876814,3,CISD+FVG
2023-08-03 09:45:00,short,1935.965,1936.09505,1935.055,1936.09505,2023-08-03 09:55:00,loss,-1.0,-287.8912234835243,2,CISD+zone
2023-08-07 13:55:00,short,1933.975,1935.9533357142857,1924.898,1935.9533357142857,2023-08-07 14:15:00,loss,-1.0,-286.4517673661067,1,CISD
2023-08-09 08:15:00,short,1929.344,1929.7323642857143,1928.468,1928.468,2023-08-09 08:20:00,win,2.255614206102604,112.7807103051302,2,CISD+zone
2023-08-09 13:50:00,short,1922.735,1922.9372714285714,1922.005,1922.005,2023-08-09 13:55:00,win,3.6090119358684936,182.4857314415594,1,CISD
2023-08-10 13:30:00,short,1920.105,1920.0950785714285,1918.715,1920.0950785714285,2023-08-10 13:35:00,loss,1.0,57.69847804987867,5,CISD+BKR
2023-08-14 08:55:00,short,1914.195,1914.2753142857143,1913.955,1913.955,2023-08-14 09:00:00,win,2.988260405545714,154.6867757491592,1,CISD
2023-08-15 09:15:00,short,1903.485,1903.548957142857,1902.855,1902.855,2023-08-15 09:20:00,win,9.850346213982034,517.5200354853038,2,CISD+zone
2023-08-16 07:15:00,short,1904.928,1905.0535357142855,1904.335,1904.335,2023-08-16 07:20:00,win,4.723755334292805,369.4829870828838,5,CISD+BKR
2023-08-17 08:50:00,short,1894.695,1895.4984285714286,1892.015,1895.4984285714286,2023-08-17 10:00:00,loss,-1.0,-56.97327359056958,1,CISD
2023-08-17 13:55:00,short,1896.385,1897.7156714285716,1891.148,1891.148,2023-08-17 15:50:00,win,3.9356071585769237,223.1033012736542,5,CISD+BKR
2023-08-21 13:35:00,short,1893.035,1894.4897428571428,1889.575,1889.575,2023-08-21 13:45:00,win,2.3784272134498545,137.48242524119772,1,CISD
2023-08-24 07:55:00,short,1919.465,1920.281907142857,1917.265,1920.281907142857,2023-08-24 08:00:00,loss,-1.0,-58.49133585519099,1,CISD
2023-08-25 13:15:00,short,1915.315,1915.9582857142857,1912.928,1915.9582857142857,2023-08-25 14:00:00,loss,-1.0,-95.95636007488893,5,CISD+BKR
2023-08-28 07:05:00,short,1915.525,1915.9675,1914.458,1914.458,2023-08-28 07:20:00,win,2.411299435028909,139.1780268920196,2,CISD+zone
2023-08-30 07:20:00,short,1935.265,1935.5216285714284,1914.355,1935.5216285714284,2023-08-30 07:35:00,loss,-1.0,-58.414987510000685,1,CISD
2023-09-05 08:10:00,short,1935.275,1935.1840214285714,1935.035,1935.035,2023-09-05 08:15:00,win,2.6379838266446,153.327303323603,2,CISD+zone
2023-09-06 07:05:00,short,1925.655,1926.1066571428573,1924.098,1924.098,2023-09-06 07:20:00,win,3.447305161941721,203.0102465591669,1,CISD
2023-09-07 14:25:00,short,1917.735,1918.6215714285713,1915.175,1918.6215714285713,2023-09-07 14:35:00,loss,-1.0,-105.98143150369889,4,CISD+IFVG
2023-09-08 14:50:00,short,1925.275,1926.5495285714285,1922.485,1922.485,2023-09-08 15:05:00,win,2.1890446887929547,225.39263597400554,5,CISD+BKR
2023-09-13 12:05:00,short,1911.165,1911.6079285714286,1908.078,1911.6079285714286,2023-09-13 12:25:00,loss,-1.0,-60.50165634421606,1,CISD
2023-09-13 14:30:00,short,1910.338,1912.1154142857142,1905.555,1912.1154142857142,2023-09-13 14:35:00,loss,-1.0,-60.19914806249498,2,CISD+zone
2023-09-18 07:35:00,short,1927.295,1928.1124714285716,1923.145,1928.1124714285716,2023-09-18 13:20:00,loss,-1.0,-59.89815232218251,1,CISD
2023-09-21 07:10:00,short,1927.815,1927.8701,1927.605,1927.8701,2023-09-21 07:15:00,loss,-1.0,-59.598661560571585,2,CISD+zone
2023-09-22 09:15:00,short,1926.125,1926.230342857143,1925.765,1925.765,2023-09-22 09:20:00,win,3.417412530510703,202.6548467546701,1,CISD
2023-09-25 08:25:00,short,1921.445,1921.5729571428571,1921.145,1921.5729571428571,2023-09-25 08:30:00,loss,-1.0,-108.6802238180942,4,CISD+IFVG
2023-10-02 07:35:00,short,1842.195,1842.7935285714286,1840.358,1840.358,2023-10-02 07:40:00,win,3.0691934983405567,183.44735695727783,1,CISD
2023-10-02 08:45:00,short,1841.075,1841.5905285714286,1839.355,1839.355,2023-10-02 09:00:00,win,3.3363815224317444,202.47758166456384,2,CISD+zone
2023-10-02 14:15:00,short,1829.885,1830.6899142857142,1828.098,1830.6899142857142,2023-10-02 14:20:00,loss,-1.0,-61.700166060560825,1,CISD
2023-10-04 13:15:00,short,1825.485,1826.9981214285715,1819.495,1819.495,2023-10-04 13:45:00,win,3.9587040979616854,243.0314367277144,1,CISD
2023-10-05 13:20:00,long,1816.925,1815.3240642857145,1820.655,1820.655,2023-10-05 13:35:00,win,2.3298874319040306,145.86684869358527,1,CISD
2023-10-06 09:45:00,short,1820.398,1821.2404071428573,1818.665,1821.2404071428573,2023-10-06 10:00:00,loss,-1.0,-63.33615665736453,2,CISD+zone
2023-10-06 12:20:00,short,1819.915,1820.3927142857144,1812.924,1812.924,2023-10-06 12:30:00,win,14.634270334923,922.2440463064113,1,CISD
2023-10-10 14:45:00,short,1853.905,1854.6791214285715,1844.135,1854.6791214285715,2023-10-10 14:50:00,loss,-1.0,-67.63069610560977,1,CISD
2023-10-12 07:50:00,short,1879.485,1880.230492857143,1876.685,1880.230492857143,2023-10-12 08:10:00,loss,-1.0,-134.58508525016344,5,CISD+BKR
2023-10-16 13:30:00,short,1916.555,1917.572,1914.105,1917.572,2023-10-16 13:40:00,loss,-1.0,-66.61961719883091,2,CISD+zone
2023-10-18 14:25:00,short,1952.775,1954.3347642857143,1949.165,1949.165,2023-10-18 14:45:00,win,2.3144522752982026,153.41698498230284,1,CISD
2023-10-24 07:50:00,short,1975.445,1976.1230214285713,1972.365,1972.365,2023-10-24 08:40:00,win,4.542629289003048,304.59966563508834,1,CISD
2023-10-24 08:50:00,short,1972.925,1972.9943428571428,1972.365,1972.9943428571428,2023-10-24 08:55:00,loss,-1.0,-68.57660236592372,2,CISD+zone
2023-10-24 13:30:00,short,1962.665,1964.312807142857,1953.404,1964.312807142857,2023-10-24 13:55:00,loss,-1.0,-68.2337193540941,2,CISD+zone
2023-11-01 13:25:00,short,1984.055,1984.7754642857144,1982.305,1982.305,2023-11-01 13:30:00,win,2.428989243047446,329.82055094518364,5,CISD+BKR
2023-11-02 13:25:00,short,1985.835,1986.1938357142856,1983.275,1986.1938357142856,2023-11-02 13:30:00,loss,-1.0,-139.0833070240991,5,CISD+BKR
2023-11-08 07:10:00,short,1966.835,1967.5529142857142,1965.025,1967.5529142857142,2023-11-08 07:30:00,loss,-1.0,-68.84623697692906,1,CISD
2023-11-08 09:55:00,short,1965.555,1965.8335499999998,1964.885,1964.885,2023-11-08 10:00:00,win,2.405313229225023,164.76878076005357,1,CISD
2023-11-09 09:30:00,short,1946.965,1947.3103642857143,1944.575,1947.3103642857143,2023-11-09 09:35:00,loss,-1.0,-69.32584969584468,1,CISD
2023-11-14 08:05:00,short,1945.105,1945.526357142857,1944.195,1945.526357142857,2023-11-14 08:30:00,loss,-1.0,-68.97922044736546,2,CISD+zone
2023-11-15 14:20:00,short,1963.235,1963.9453428571428,1961.515,1963.9453428571428,2023-11-15 14:35:00,loss,-1.0,-68.63432434512863,1,CISD
2023-11-20 08:20:00,short,1977.695,1977.8104285714285,1973.265,1977.8104285714285,2023-11-20 09:00:00,loss,-1.0,-68.29115272340299,2,CISD+zone
2023-11-22 12:00:00,short,2000.915,2000.9781428571428,2000.005,2000.9781428571428,2023-11-22 12:05:00,loss,-1.0,-135.89939391957196,5,CISD+BKR
2023-11-22 13:35:00,short,1997.925,1998.5680642857142,1995.358,1998.5680642857142,2023-11-22 13:40:00,loss,-1.0,-67.27019999018812,1,CISD
2023-11-23 07:00:00,short,1995.104,1996.0306214285713,1993.075,1996.0306214285713,2023-11-23 07:25:00,loss,-1.0,-66.93384899023718,1,CISD
2023-11-23 09:20:00,short,1993.195,1993.2790214285715,1990.008,1993.2790214285715,2023-11-23 09:40:00,loss,-1.0,-66.59917974528601,3,CISD+FVG
2023-11-24 08:10:00,short,1992.614,1993.0635499999999,1991.338,1993.0635499999999,2023-11-24 08:15:00,loss,-1.0,-66.26618384655957,2,CISD+zone
2023-11-29 07:30:00,short,2043.545,2043.8777785714287,2042.715,2042.715,2023-11-29 07:35:00,win,2.494150979844814,164.45147803461577,2,CISD+zone
2023-11-30 07:40:00,short,2043.375,2043.7290428571428,2042.365,2042.365,2023-11-30 07:45:00,win,2.852761973934516,190.4421458035151,1,CISD
2023-11-30 14:00:00,short,2035.245,2035.3741928571428,2032.618,2035.3741928571428,2023-11-30 14:05:00,loss,-1.0,-67.70932104651743,1,CISD
2023-12-01 07:55:00,short,2039.935,2039.9224785714287,2039.695,2039.695,2023-12-01 08:00:00,win,19.167142042426168,1291.305203224361,2,CISD+zone
2023-12-04 13:25:00,short,2065.398,2068.776292857143,2033.805,2033.805,2023-12-04 15:25:00,win,9.351764733244856,690.4155447682474,1,CISD
2023-12-05 14:25:00,short,2023.915,2025.4894428571429,2019.925,2019.925,2023-12-05 14:45:00,win,2.5342297955738613,195.84370277033895,1,CISD
2023-12-06 09:30:00,short,2023.435,2024.0316857142857,2021.585,2024.0316857142857,2023-12-06 09:45:00,loss,-1.0,-156.5171933901992,5,CISD+BKR
2023-12-07 09:30:00,short,2031.945,2032.1761857142858,2030.998,2032.1761857142858,2023-12-07 09:35:00,loss,-1.0,-154.9520214562972,5,CISD+BKR
2023-12-08 08:50:00,short,2027.155,2028.8196642857142,2020.075,2028.8196642857142,2023-12-08 09:35:00,loss,-1.0,-76.7012506208671,1,CISD
2023-12-11 09:50:00,short,1992.295,1992.448892857143,1991.805,1992.448892857143,2023-12-11 09:55:00,loss,-1.0,-76.31774436776277,1,CISD
2023-12-11 13:00:00,short,1994.065,1995.0934785714285,1991.175,1995.0934785714285,2023-12-11 13:20:00,loss,-1.0,-75.93615564592396,2,CISD+zone
2023-12-14 13:30:00,short,2031.365,2030.6795,2029.928,2030.6795,2023-12-14 13:35:00,loss,1.0,75.55647486769433,2,CISD+zone
2023-12-20 08:05:00,short,2040.535,2040.6343857142858,2039.635,2040.6343857142858,2023-12-20 08:10:00,loss,-1.0,-151.86851448406563,5,CISD+BKR
2023-12-20 13:25:00,short,2033.145,2033.1005285714284,2032.045,2033.1005285714284,2023-12-20 13:30:00,loss,1.0,75.17491466961248,3,CISD+FVG
2023-12-26 08:45:00,short,2062.055,2062.42805,2061.275,2061.275,2023-12-26 08:55:00,win,2.090872537191891,157.96707039127875,1,CISD
2023-12-26 12:40:00,short,2062.055,2062.143035714286,2061.248,2061.248,2023-12-26 12:50:00,win,9.166734279888868,699.7942204223523,2,CISD+zone
2023-12-28 07:45:00,short,2084.714,2085.6650142857143,2079.098,2085.6650142857143,2023-12-28 07:55:00,loss,-1.0,-79.8395956970287,1,CISD
2023-12-29 07:50:00,short,2072.308,2072.915592857143,2069.758,2072.915592857143,2023-12-29 08:10:00,loss,-1.0,-79.44039771854355,1,CISD
2023-12-29 08:40:00,short,2070.755,2071.2183,2069.608,2069.608,2023-12-29 08:55:00,win,2.475717677531203,195.6886369571982,1,CISD
2023-12-29 14:00:00,short,2060.465,2061.176742857143,2058.105,2061.176742857143,2023-12-29 14:10:00,loss,-1.0,-80.02163891473684,3,CISD+FVG
2024-01-03 07:00:00,short,2063.215,2064.0698571428575,2059.094,2059.094,2024-01-03 08:25:00,win,4.82068850267287,383.8305977079052,1,CISD
2024-01-03 09:10:00,short,2058.258,2058.971807142857,2055.818,2055.818,2024-01-03 09:40:00,win,3.418290254469903,278.72972446427116,1,CISD
2024-01-04 08:35:00,short,2046.355,2046.670957142857,2045.165,2046.670957142857,2024-01-04 08:45:00,loss,-1.0,-165.86866466204808,5,CISD+BKR
2024-01-08 08:50:00,short,2028.215,2028.441,2027.735,2028.441,2024-01-08 08:55:00,loss,-1.0,-82.1049890077138,1,CISD
2024-01-09 08:05:00,short,2033.825,2034.7849285714285,2031.698,2031.698,2024-01-09 08:15:00,win,2.21578986531756,181.01776552262538,2,CISD+zone
2024-01-11 08:00:00,short,2032.975,2033.8054785714285,2030.965,2030.965,2024-01-11 08:50:00,win,2.4202912262293133,199.91497315082904,1,CISD
2024-01-15 09:35:00,short,2054.215,2055.148285714286,2045.675,2055.148285714286,2024-01-15 17:25:00,loss,-1.0,-83.5991277560425,2,CISD+zone
2024-01-17 08:40:00,short,2022.565,2023.383507142857,2020.125,2020.125,2024-01-17 09:05:00,win,2.981036905167603,247.96602465518112,1,CISD
2024-01-18 08:05:00,short,2010.948,2011.7178857142858,2009.028,2011.7178857142858,2024-01-18 08:25:00,loss,-1.0,-168.84192448107638,4,CISD+IFVG
2024-01-18 13:35:00,short,2010.475,2012.092192857143,2007.175,2012.092192857143,2024-01-18 14:10:00,loss,-1.0,-83.57675261813282,1,CISD
2024-01-23 14:30:00,short,2022.915,2024.0394,2019.515,2024.0394,2024-01-23 14:35:00,loss,-1.0,-83.15886885504214,1,CISD
2024-01-24 14:35:00,short,2029.235,2031.4141,2022.725,2022.725,2024-01-24 15:00:00,win,2.987471892065442,247.19260936399274,1,CISD
2024-01-25 09:05:00,short,2013.225,2014.2526642857142,2011.105,2014.2526642857142,2024-01-25 09:25:00,loss,-1.0,-83.97903755758689,1,CISD
2024-01-25 12:10:00,short,2016.345,2017.2995642857143,2014.435,2014.435,2024-01-25 12:25:00,win,2.000912907160514,167.19456647899372,2,CISD+zone
2024-01-25 12:40:00,short,2015.595,2015.9768571428572,2014.435,2014.435,2024-01-25 12:45:00,win,3.037785260007694,256.37423697787597,2,CISD+zone
2024-01-26 07:10:00,short,2021.145,2021.5975,2019.245,2021.5975,2024-01-26 07:25:00,loss,-1.0,-85.6769863870833,1,CISD
2024-01-26 12:25:00,short,2022.195,2022.3958571428573,2021.658,2021.658,2024-01-26 12:30:00,win,2.673541963013322,227.91571327853643,1,CISD
2024-01-30 09:25:00,short,2036.915,2037.22475,2035.825,2037.22475,2024-01-30 09:30:00,loss,-1.0,-86.38818002154058,1,CISD
2024-02-01 08:10:00,short,2040.685,2040.505092857143,2039.045,2039.045,2024-02-01 08:15:00,win,9.115813713429176,783.561063337955,1,CISD
2024-02-02 08:50:00,short,2054.455,2055.2720714285715,2051.775,2055.2720714285715,2024-02-02 10:25:00,loss,-1.0,-179.74808887624528,5,CISD+BKR
2024-02-05 09:35:00,short,2021.775,2021.4697857142858,2020.555,2021.4697857142858,2024-02-05 09:40:00,loss,1.0,88.97530399374143,2,CISD+zone
2024-02-09 14:25:00,short,2025.005,2024.97505,2020.095,2024.97505,2024-02-09 14:35:00,loss,1.0,89.42018051371014,2,CISD+zone
2024-02-12 07:10:00,short,2023.515,2023.9870285714287,2021.755,2023.9870285714287,2024-02-12 07:20:00,loss,-1.0,-89.86728141627867,1,CISD
2024-02-12 14:35:00,short,2017.155,2016.9943571428573,2013.135,2016.9943571428573,2024-02-12 14:40:00,loss,1.0,89.41794500919728,3,CISD+FVG
2024-02-14 12:20:00,short,1990.845,1991.7703571428572,1988.735,1991.7703571428572,2024-02-14 13:10:00,loss,-1.0,-89.86503473424328,2,CISD+zone
2024-02-14 13:15:00,long,1990.635,1989.7997857142857,1992.585,1989.7997857142857,2024-02-14 13:20:00,loss,-1.0,-89.41570956057205,5,CISD+BKR
2024-02-16 13:00:00,short,2006.305,2006.871192857143,2002.228,2002.228,2024-02-16 13:30:00,win,7.200726658004387,1281.2775861196058,5,CISD+BKR
2024-02-19 13:55:00,short,2016.795,2017.107142857143,2015.905,2017.107142857143,2024-02-19 14:20:00,loss,-1.0,-95.37501894336721,1,CISD
2024-02-20 14:40:00,short,2027.225,2027.6748285714286,2026.165,2026.165,2024-02-20 14:45:00,win,2.3564532520315953,447.2460793678286,5,CISD+BKR
2024-02-22 09:20:00,short,2030.575,2031.32855,2028.375,2028.375,2024-02-22 11:00:00,win,2.919514298985235,283.5851945326898,1,CISD
2024-02-22 13:15:00,short,2027.255,2028.201692857143,2024.975,2024.975,2024-02-22 13:20:00,win,2.4083840738815945,237.35179028979724,1,CISD
2024-02-28 07:00:00,short,2029.055,2029.1256071428572,2028.725,2028.725,2024-02-28 07:05:00,win,4.673748103187013,466.1552386075845,1,CISD
2024-03-05 12:15:00,short,2122.675,2123.07585,2118.925,2123.07585,2024-03-05 12:20:00,loss,-1.0,-204.13967072527979,5,CISD+BKR
2024-03-07 14:00:00,short,2156.715,2157.589164285714,2153.825,2153.825,2024-03-07 14:30:00,win,3.3060147242688673,668.1398696529216,5,CISD+BKR
2024-03-08 13:05:00,short,2165.645,2166.1242142857145,2164.525,2164.525,2024-03-08 13:10:00,win,2.3371590400939573,243.9756497363414,1,CISD
2024-03-11 09:20:00,short,2177.285,2177.512342857143,2176.765,2177.512342857143,2024-03-11 09:25:00,loss,-1.0,-105.60971460595982,1,CISD
2024-03-13 08:35:00,short,2158.605,2158.9085999999998,2156.555,2158.9085999999998,2024-03-13 08:40:00,loss,-1.0,-105.08166603293003,2,CISD+zone
2024-03-15 07:55:00,short,2166.955,2167.795692857143,2165.205,2165.205,2024-03-15 08:35:00,win,2.081616353857335,217.64601593219837,1,CISD
2024-03-19 13:40:00,short,2152.575,2154.0056928571425,2145.985,2154.0056928571425,2024-03-19 14:40:00,loss,-1.0,-105.64448778242637,1,CISD
2024-03-21 08:00:00,short,2205.585,2206.2119285714284,2202.995,2202.995,2024-03-21 08:30:00,win,4.131252136266735,434.2617957567741,1,CISD
2024-03-22 09:45:00,short,2166.755,2167.036285714286,2165.845,2165.845,2024-03-22 09:55:00,win,3.2351447435249003,347.0908321143198,1,CISD
2024-03-26 07:00:00,short,2171.518,2171.605157142857,2171.275,2171.275,2024-03-26 07:05:00,win,2.7880675299171473,303.9635657263214,2,CISD+zone
2024-04-08 14:00:00,short,2321.518,2325.574721428571,2302.755,2325.574721428571,2024-04-08 14:25:00,loss,-1.0,-110.54284631150132,1,CISD
2024-04-10 07:45:00,short,2353.205,2354.303257142857,2344.665,2354.303257142857,2024-04-10 08:30:00,loss,-1.0,-109.99013207994382,2,CISD+zone
2024-04-11 08:05:00,short,2335.105,2336.8751357142855,2319.265,2336.8751357142855,2024-04-11 10:45:00,loss,-1.0,-109.4401814195441,1,CISD
2024-04-12 08:40:00,short,2395.065,2396.8315214285712,2389.815,2396.8315214285712,2024-04-12 08:50:00,loss,-1.0,-217.78596102489274,4,CISD+IFVG
2024-04-18 07:35:00,short,2376.418,2376.528214285714,2374.158,2376.528214285714,2024-04-18 07:55:00,loss,-1.0,-215.60810141464384,4,CISD+IFVG
2024-04-19 08:00:00,short,2384.555,2384.8750214285715,2381.065,2381.065,2024-04-19 08:05:00,win,10.905519719653892,1163.9026088387945,1,CISD
2024-04-25 12:15:00,short,2326.348,2326.2430928571425,2325.108,2326.2430928571425,2024-04-25 12:20:00,loss,1.0,225.09104648888533,5,CISD+BKR
2024-04-26 13:40:00,short,2339.975,2340.8066071428575,2326.165,2340.8066071428575,2024-04-26 13:55:00,loss,-1.0,-113.67097847688709,1,CISD
2024-05-03 13:35:00,short,2285.525,2284.342957142857,2277.165,2284.342957142857,2024-05-03 13:40:00,loss,1.0,113.10262358450264,2,CISD+zone
2024-05-06 14:35:00,short,2322.855,2323.62625,2318.565,2323.62625,2024-05-06 14:40:00,loss,-1.0,-113.66813670242516,1,CISD
2024-05-09 07:35:00,short,2310.655,2311.5756928571427,2307.738,2307.738,2024-05-09 07:45:00,win,3.168266134977578,358.3302535995941,2,CISD+zone
2024-05-09 09:30:00,short,2308.998,2309.378592857143,2307.738,2307.738,2024-05-09 09:45:00,win,3.310624401780239,380.3624289438956,1,CISD
2024-05-13 13:40:00,short,2344.095,2344.6782,2339.888,2344.6782,2024-05-13 14:00:00,loss,-1.0,-116.79325943163047,2,CISD+zone
2024-05-16 12:40:00,short,2382.635,2382.315407142857,2381.375,2381.375,2024-05-16 12:45:00,win,3.942516147774909,458.1570147041651,2,CISD+zone
2024-05-23 14:25:00,short,2350.355,2351.9415642857143,2346.565,2346.565,2024-05-23 14:30:00,win,2.388809602060108,283.0741246681278,1,CISD
2024-05-30 12:00:00,short,2335.845,2335.5803285714287,2334.438,2335.5803285714287,2024-05-30 12:05:00,loss,1.0,119.9154488313338,2,CISD+zone
2024-05-30 14:50:00,short,2343.405,2344.8578857142857,2339.845,2344.8578857142857,2024-05-30 15:00:00,loss,-1.0,-120.51502607549047,1,CISD
2024-05-31 14:00:00,short,2348.565,2348.3745714285715,2344.515,2344.515,2024-05-31 14:05:00,win,21.26781695423818,5100.552114469458,4,CISD+IFVG
2024-06-03 09:25:00,short,2324.825,2325.1804142857145,2323.125,2325.1804142857145,2024-06-03 09:30:00,loss,-1.0,-145.4152115174603,1,CISD
2024-06-04 07:00:00,short,2344.535,2344.6910000000003,2343.965,2343.965,2024-06-04 07:05:00,win,3.65384615383483,528.6681872555898,2,CISD+zone
2024-06-10 08:55:00,short,2292.858,2294.205092857143,2286.628,2294.205092857143,2024-06-10 09:10:00,loss,-1.0,-147.33147639615095,2,CISD+zone
2024-06-10 13:40:00,short,2304.315,2303.9474285714286,2303.025,2303.025,2024-06-10 13:45:00,win,3.509521958803038,514.4777363769874,2,CISD+zone
2024-06-11 09:20:00,short,2304.145,2304.3241357142856,2303.025,2303.025,2024-06-11 09:25:00,win,6.25224291239946,932.6296170800788,1,CISD
2024-06-12 07:20:00,short,2312.345,2313.265307142857,2297.595,2313.265307142857,2024-06-12 07:50:00,loss,-1.0,-153.83035578145552,2,CISD+zone
2024-06-20 07:45:00,short,2339.988,2341.9187571428574,2332.985,2332.985,2024-06-20 08:15:00,win,3.627074500749985,555.1643900917343,1,CISD
2024-06-21 12:30:00,short,2364.065,2364.082585714286,2363.328,2363.328,2024-06-21 12:35:00,win,41.90901705906615,6530.976579098701,2,CISD+zone
2024-06-25 13:05:00,short,2324.535,2326.1273214285716,2317.818,2326.1273214285716,2024-06-25 13:15:00,loss,-1.0,-188.49190884850043,1,CISD
2024-07-01 08:00:00,short,2322.775,2323.6483642857143,2318.905,2323.6483642857143,2024-07-01 08:10:00,loss,-1.0,-187.5494493042579,2,CISD+zone
2024-07-02 09:30:00,short,2327.935,2328.862364285714,2324.785,2324.785,2024-07-02 09:50:00,win,3.3967234327705316,633.8683412087069,2,CISD+zone
2024-07-08 08:00:00,short,2378.058,2378.5644,2376.538,2378.5644,2024-07-08 08:10:00,loss,-1.0,-189.78104376378016,1,CISD
2024-07-08 14:55:00,short,2373.868,2374.4740642857146,2370.985,2374.4740642857146,2024-07-08 15:05:00,loss,-1.0,-188.83213854496123,2,CISD+zone
2024-07-09 07:10:00,short,2362.455,2362.8489142857143,2360.378,2360.378,2024-07-09 07:20:00,win,5.272720678899036,990.6808261380112,1,CISD
2024-07-09 12:35:00,short,2356.898,2358.255157142857,2350.915,2358.255157142857,2024-07-09 12:45:00,loss,-1.0,-192.84138198292652,1,CISD
2024-07-17 09:25:00,short,2471.445,2471.464957142857,2471.385,2471.385,2024-07-17 09:30:00,win,3.006442376534182,576.867670229171,2,CISD+zone
2024-07-22 14:35:00,short,2387.145,2387.9921285714286,2383.715,2387.9921285714286,2024-07-22 14:40:00,loss,-1.0,-50.0,2,CISD+zone
2024-07-23 12:25:00,short,2405.235,2406.445142857143,2390.615,2406.445142857143,2024-07-23 12:35:00,loss,-1.0,-48.764883997011076,1,CISD
2024-07-24 07:35:00,short,2413.775,2414.626207142857,2404.795,2414.626207142857,2024-07-24 08:00:00,loss,-1.0,-47.56501067009899,2,CISD+zone
2024-07-25 14:25:00,long,2366.825,2363.164207142857,2374.745,2363.164207142857,2024-07-25 14:30:00,loss,-1.0,-46.39918515420941,5,CISD+BKR
2024-07-29 08:20:00,short,2389.475,2389.975,2355.728,2389.975,2024-07-29 08:45:00,loss,-1.0,-45.26626049929621,1,CISD
2024-07-29 12:00:00,short,2387.195,2387.8746214285716,2385.345,2387.8746214285716,2024-07-29 12:05:00,loss,-1.0,-44.16513545559649,1,CISD
2024-07-29 14:30:00,short,2389.455,2390.2860428571425,2385.345,2385.345,2024-07-29 14:40:00,win,4.945593316488594,213.12911931588843,1,CISD
2024-08-02 07:20:00,short,2462.365,2462.3412,2462.288,2462.3412,2024-08-02 07:25:00,loss,1.0,48.618679030039495,1,CISD
2024-08-02 14:45:00,short,2436.565,2439.0412071428573,2430.075,2430.075,2024-08-02 14:50:00,win,2.620943897493011,130.63746407197172,1,CISD
2025-09-23 14:30:00,short,3889.6,3889.905714285714,3880.4,3889.905714285714,2025-09-23 15:05:00,loss,-1.0,-50.55112393320844,3,CISD+FVG
2025-10-09 13:45:00,short,4137.4,4145.829285714285,4120.0,4120.0,2025-10-09 14:20:00,win,2.0642318447589356,103.82749361222801,1,CISD
2025-10-27 13:50:00,short,4125.3,4127.858571428571,4118.9,4118.9,2025-10-27 14:00:00,win,2.5013958682309076,127.11469899590337,1,CISD
2025-10-31 14:50:00,short,4117.6,4117.895714285714,4116.0,4117.895714285714,2025-10-31 15:00:00,loss,-1.0,-51.45307927658306,2,CISD+zone
2025-12-12 14:30:00,short,4432.5,4435.487857142857,4424.9,4435.487857142857,2025-12-12 14:40:00,loss,-1.0,-56.641383424625204,4,CISD+IFVG
2025-12-18 14:45:00,short,4407.7,4409.93,4401.7,4409.93,2025-12-18 14:50:00,loss,-1.0,-50.91260696307702,1,CISD
2025-12-24 14:35:00,short,4566.8,4582.603571428572,4524.6,4582.603571428572,2025-12-25 23:05:00,loss,-1.0,-50.658043928261634,1,CISD
2025-12-30 13:25:00,short,4474.0,4478.736428571428,4462.7,4462.7,2025-12-30 13:30:00,win,2.385763836525533,120.2538385870026,1,CISD
2026-01-14 09:50:00,short,4704.0,4704.219285714285,4697.6,4704.219285714285,2026-01-14 10:00:00,loss,-1.0,-51.00602290155533,2,CISD+zone
2026-01-14 14:35:00,short,4694.2,4703.460714285714,4675.0,4703.460714285714,2026-01-14 18:25:00,loss,-1.0,-50.75099278704755,1,CISD
2026-01-28 09:15:00,short,5346.9,5354.851428571429,5324.8,5354.851428571429,2026-01-28 10:10:00,loss,-1.0,-50.49723782311232,1,CISD
2026-01-28 13:45:00,short,5338.8,5340.705,5330.0,5340.705,2026-01-28 13:55:00,loss,-1.0,-50.244751633996756,5,CISD+BKR
2026-01-30 12:45:00,short,5133.6,5183.087142857143,5000.0,5000.0,2026-01-30 16:50:00,win,2.6996911174620037,134.96708313695862,1,CISD
2026-02-02 13:30:00,short,4774.9,4801.8435714285715,4715.6,4801.8435714285715,2026-02-02 14:30:00,loss,-1.0,-50.66836329151157,2,CISD+zone
2026-02-06 09:15:00,short,4905.5,4911.737142857143,4891.3,4911.737142857143,2026-02-06 09:20:00,loss,-1.0,-50.41502147505401,2,CISD+zone
2026-02-11 08:30:00,short,5110.9,5111.992142857143,5093.8,5111.992142857143,2026-02-11 08:35:00,loss,-1.0,-50.16294636767874,1,CISD
2026-02-12 12:45:00,short,5116.1,5118.7471428571425,5104.0,5118.7471428571425,2026-02-12 13:05:00,loss,-1.0,-50.43239685989636,4,CISD+IFVG
2026-02-12 14:50:00,short,5115.0,5118.764999999999,5104.0,5104.0,2026-02-12 14:55:00,win,2.9216467463483933,143.69834151980982,2,CISD
2026-02-19 09:30:00,short,5060.0,5061.965714285715,5053.1,5053.1,2026-02-19 09:35:00,win,3.5101744186032504,185.68135586126212,4,CISD+IFVG
2026-02-20 07:25:00,short,5071.3,5071.754285714286,5067.5,5071.754285714286,2026-02-20 07:30:00,loss,-1.0,-57.790865080854516,4,CISD+IFVG
2026-02-23 12:05:00,short,5208.3,5210.036428571429,5204.6,5210.036428571429,2026-02-23 12:10:00,loss,-1.0,-51.01791381304196,2,CISD+zone
2026-03-05 12:55:00,short,5211.8,5213.012142857143,5208.9,5208.9,2026-03-05 13:00:00,win,2.392457277549414,121.44788829146401,2,CISD+zone
2026-03-06 12:55:00,short,5130.0,5134.137142857143,5113.2,5113.2,2026-03-06 13:05:00,win,4.0607734806630225,208.60219231378125,1,CISD
2026-03-09 07:00:00,short,5139.5,5144.408571428571,5126.0,5144.408571428571,2026-03-09 07:10:00,loss,-1.0,-52.413074647002986,2,CISD+zone
2026-03-09 13:50:00,short,5118.0,5129.137857142857,5088.8,5129.137857142857,2026-03-09 14:00:00,loss,-1.0,-52.151009273767954,1,CISD
2026-03-11 13:35:00,short,5219.5,5223.655,5208.8,5208.8,2026-03-11 13:45:00,win,2.5752105896511366,133.62833218608787,1,CISD
2026-03-13 13:30:00,short,5145.6,5152.817142857143,5129.4,5152.817142857143,2026-03-13 13:40:00,loss,-1.0,-52.558395888329564,1,CISD
2026-03-17 09:05:00,short,5059.1,5062.986428571429,5051.3,5051.3,2026-03-17 10:00:00,win,2.0069840102920766,104.95644085370587,1,CISD
2026-03-20 09:30:00,short,4714.1,4729.55,4676.4,4676.4,2026-03-20 10:55:00,win,2.4401294498382637,128.8885797065411,1,CISD
2026-03-20 13:45:00,short,4687.7,4701.049285714285,4539.5,4539.5,2026-03-20 18:50:00,win,11.101717587886053,593.5514325723899,2,CISD+zone
2026-03-24 08:25:00,short,4430.4,4433.961428571429,4408.5,4433.961428571429,2026-03-24 08:30:00,loss,-1.0,-56.432586174551105,1,CISD
2026-03-24 12:30:00,short,4412.5,4439.927857142857,4337.7,4439.927857142857,2026-03-24 14:20:00,loss,-1.0,-56.150423243678354,1,CISD
2026-03-25 09:35:00,short,4586.4,4591.284285714286,4575.6,4575.6,2026-03-25 09:45:00,win,2.211172857560273,123.53750035785832,2,CISD+zone
2026-03-25 12:20:00,short,4587.3,4600.2,4558.3,4558.3,2026-03-25 12:30:00,win,2.2480620155039395,126.98708529056391,2,CISD+zone
2026-03-27 07:00:00,short,4477.7,4490.618571428571,4401.0,4490.618571428571,2026-03-27 14:05:00,loss,-1.0,-57.12229405570208,1,CISD
2026-03-31 07:10:00,short,4581.9,4587.348571428572,4510.0,4587.348571428572,2026-03-31 07:30:00,loss,-1.0,-56.83668258542356,1,CISD
2026-03-31 09:25:00,short,4592.5,4598.853571428572,4575.7,4575.7,2026-03-31 10:35:00,win,2.6441821247891064,149.53510742406584,2,CISD+zone
2026-04-02 08:40:00,short,4656.1,4668.1849999999995,4625.4,4625.4,2026-04-02 11:40:00,win,2.540339263550099,145.56188362311988,1,CISD
2026-04-07 13:30:00,short,4673.0,4689.674285714286,4626.2,4689.674285714286,2026-04-07 16:00:00,loss,-1.0,-96.30420073926966,4,CISD+IFVG
2026-04-08 07:00:00,short,4839.5,4848.132142857143,4819.8,4819.8,2026-04-08 08:40:00,win,2.2821679768307885,131.3306953215489,2,CISD+zone
2026-04-09 14:30:00,short,4781.2,4794.103571428572,4720.6,4794.103571428572,2026-04-09 15:00:00,loss,-1.0,-97.37635319290727,5,CISD+BKR
2026-04-13 08:45:00,short,4751.8,4753.344285714286,4747.4,4747.4,2026-04-13 08:50:00,win,2.8492136910263555,269.6772992479893,5,CISD+BKR
2026-04-14 09:25:00,short,4802.0,4810.615714285715,4775.5,4810.615714285715,2026-04-14 10:20:00,loss,-1.0,-59.06462133091918,1,CISD
2026-04-20 08:00:00,short,4808.1,4810.794285714285,4764.2,4810.794285714285,2026-04-20 08:10:00,loss,-1.0,-58.76929822426459,2,CISD+zone
2026-04-22 14:35:00,short,4755.8,4757.681428571428,4746.9,4757.681428571428,2026-04-22 14:40:00,loss,-1.0,-58.47545173314327,1,CISD
2026-04-23 09:15:00,short,4716.0,4719.555714285714,4705.7,4705.7,2026-04-23 10:10:00,win,2.896745680996503,168.54156969104068,1,CISD
2026-04-24 09:25:00,short,4698.7,4703.437142857143,4684.7,4703.437142857143,2026-04-24 09:40:00,loss,-1.0,-59.02578232293275,2,CISD+zone
2026-04-24 12:40:00,short,4714.9,4723.345714285714,4694.9,4723.345714285714,2026-04-24 13:40:00,loss,-1.0,-58.73065341131808,1,CISD
2026-04-27 13:05:00,short,4711.5,4712.903571428571,4708.3,4712.903571428571,2026-04-27 13:10:00,loss,-1.0,-58.4370001442615,1,CISD
2026-05-07 08:15:00,short,4746.2,4753.626428571429,4714.6,4753.626428571429,2026-05-07 12:00:00,loss,-1.0,-58.144815143540185,1,CISD
2026-05-08 09:40:00,short,4722.9,4724.552142857143,4715.9,4724.552142857143,2026-05-08 10:10:00,loss,-1.0,-57.85409106782248,2,CISD+zone
2026-05-13 07:00:00,short,4709.2,4713.984285714286,4696.0,4713.984285714286,2026-05-13 07:15:00,loss,-1.0,-57.56482061248337,2,CISD+zone
2026-05-14 13:30:00,short,4691.1,4696.732142857143,4676.0,4676.0,2026-05-14 13:40:00,win,2.681039949270881,153.56191581600638,1,CISD
2026-05-15 09:15:00,short,4550.7,4554.163571428571,4543.1,4554.163571428571,2026-05-15 09:20:00,loss,-1.0,-58.04480608850098,1,CISD
